objectid,filename,stope book name,stope book number,location,volume,sill number,subject,title,comments,county,district,latitude,longitude,geomethod,datum,date,company,source,township,range,section,format
bsb001,G23_Vol_1_NBM.pdf,Travona,G23,G23,1,Surface - 1200,Pearce; Star West; Wolcott; Travona,G23 Vol. 1 Travona,"Surface, 100, 200, 300, 400, 500, 600, 700, 800, 900, 1000, 1100, 1200",Silver Bow,Butte,46.004873,-112.54989,Google Earth,Wgs84,1897,Anaconda Copper Mining Company,New Butte Mining Company,03N,08W,24,application/pdf
bsb002,H25_Vol_1_NBM.pdf,Travona East,H25,H25,1,Surface,Travona; Emma; Clark,H25 Vol. 1 Travona East,Surface,Silver Bow,Butte,46.004785,-112.541272,Google Earth,Wgs84,1897,Anaconda Copper Mining Company,New Butte Mining Company,03N,08W,13,application/pdf
bsb003,Misc_2_Vol_3_I17_BSBPA.pdf,Miscellaneous 2,I17,I17,3,,Garibaldi; Minnie Jane,I17 Misc. 2 Vol. 3,"Surface, 100 Sill, 200 Sill, 300 Sill, 400 Sill",Silver Bow,Butte,46.007016,-112.575906,Google Earth,Wgs84,,Anaconda Copper Mining Company,Butte Silver Bow Public Archives,03N,07W,15,application/pdf
bsb004,Misc_2_Vol_3_I19_BSBPA.pdf,Miscellaneous 2,I19,I19,3,,North Pole Lease; AC Fisher Lease; Minnie Jane; Germania; Orphan Girl; Elba; Soudan; Sunny Dell; Child Harlod; Preferencia,I19 Misc. 2 Vol. 3 ,"Shaft, 53, 60, 150, 200, 300, 400, 500, 600, 1500, 2800",Silver Bow,Butte,46.007016,-112.567291,Google Earth,Wgs84,,Anaconda Copper Mining Company,Butte Silver Bow Public Archives,03N,08W,14,application/pdf
bsb005,Misc_2_Vol_3_I21_BSBPA.pdf,Miscellaneous 2,I21,I21,3,,Elba,I21 Misc. 2 Vol. 3,70,Silver Bow,Butte,46.007016,-112.558562,Google Earth,Wgs84,,Anaconda Copper Mining Company,Butte Silver Bow Public Archives,03N,08W,14,application/pdf
bsb006,I23_Vol_1_NBM.pdf,Travona North,I23,I23,1,Surface - 1100,Travona,I23 Vol. 1 Travona North,"Surface, 100, 200, 300, 400, 500, 600, 700, 800, 900, 1000, 1100",Silver Bow,Butte,46.006922,-112.54988,Google Earth,Wgs84,1897,Anaconda Copper Mining Company,New Butte Mining Company,03N,08W,14,application/pdf
bsb007,I25_Vol_3_BSBPA.pdf,Emma,I25,I25,3,1000 - 2100,Emma; Travona; Original,I25 Vol. 3 Emma,"1000, 1100, 1200, 1400, 1600, 1700, 1800, 2100",Silver Bow,Butte,46.006931,-112.541272,Google Earth,Wgs84,,Anaconda Copper Mining Company,Butte Silver Bow Public Archives,03N,08W,13,application/pdf
bsb008,Misc_2_Vol_3_I29_BSBPA.pdf,Miscellaneous 2,I29,I29,3,,Brazil; Orphan Girl; Green Copper; Preferencia; Alliance; Heaney; Farrel; East Butte Extension; Otisco; Belmont,I29 Misc. 2 Vol. 3,"Shaft, 94, 100, 135, 154, 156, 200, 220, 300, 600, 800, 1800, 2800, Discovery Shaft",Silver Bow,Butte,46.007016,-112.523756,Google Earth,Wgs84,,Anaconda Copper Mining Company,Butte Silver Bow Public Archives,03N,07W,18,application/pdf
bsb009,Misc_2_Vol_3_I31_BSBPA.pdf,Miscellaneous 2,I31,I31,3,,East Butte Extension; Mary Maclane; Kane; Geyman; Yankee Boy; Belmont,I31 Misc. 2 Vol. 3,"150, 200, 270, 300, 400, 3000",Silver Bow,Butte,46.007016,-112.515188,Google Earth,Wgs84,,Anaconda Copper Mining Company,Butte Silver Bow Public Archives,03N,07W,18,application/pdf
bsb010,J11_Misc_2_BSBPA.pdf,Miscellaneous 2,J11,J11,2,300,Blue Bird; Little Darling,J11 Misc. 2 Vol. 2,300,Silver Bow,Butte,46.009222,-112.60197,Google Earth,Wgs84,,Anaconda Copper Mining Company,Butte Silver Bow Public Archives,03N,08W,16,application/pdf
bsb011,J13_Misc_2_BSBPA.pdf,Miscellaneous 2,J13,J13,2,100 - 600,Blue Bird; Little Darling,J13 Misc. 2 Vol. 2,"100, 200, 300, 400, 500, 600",Silver Bow,Butte,46.009222,-112.593329,Google Earth,Wgs84,,Anaconda Copper Mining Company,Butte Silver Bow Public Archives,03N,08W,16,application/pdf
bsb012,J15_Misc_2_BSBPA.pdf,Miscellaneous 2,J15,J15,2,100 - 500,Blue Bird; Garibaldi,J15 Misc. 2 Vol. 2,"40, 100, 200, 300, 400, 500",Silver Bow,Butte,46.009222,-112.593329,Google Earth,Wgs84,,Anaconda Copper Mining Company,Butte Silver Bow Public Archives,03N,08W,15,application/pdf
bsb013,J17_Misc_2_BSBPA.pdf,Miscellaneous 2,J17,J17,2,40 - 1500,Silver Cleft; Minnie Jane; Prospector; Orphan Girl,J17 Misc. 2 Vol. 2,"42, 43, 44, 56, 100, 300, 500, 800, 1200, 1500",Silver Bow,Butte,46.009222,-112.575906,Google Earth,Wgs84,,Anaconda Copper Mining Company,Butte Silver Bow Public Archives,03N,08W,15,application/pdf
bsb014,J19_Vol_1_BSBPA.pdf,Orphan Girl,J19,J19,1,100 - 700,Orphan Girl,J19 Vol. 1 Orphan Girl,"80, 203, 100, 200, 500, 400, 300, 700 ",Silver Bow,Butte,46.009236,-112.567193,Google Earth,Wgs84,,Anaconda Copper Mining Company,Butte Silver Bow Public Archives,03N,08W,14,application/pdf
bsb015,J19_Vol_2_BSBPA.pdf,Orphan Girl,J19,J19,2,800 - 2300,Orphan Girl,J19 Vol. 2 Orphan Girl,"800, 1000, 1200, 1400, 1500, 1600, 1700, 1900, 2100, 2300",Silver Bow,Butte,46.009236,-112.567193,Google Earth,Wgs84,,Anaconda Copper Mining Company,Butte Silver Bow Public Archives,03N,08W,14,application/pdf
bsb016,J19_Vol_3_BSBPA.pdf,Orphan Girl,J19,J19,3,2800 - 3400,Orphan Girl,J19 Vol. 3 Orphan Girl,"2800, 2900, 3000, 3200, 3400",Silver Bow,Butte,46.009236,-112.567193,Google Earth,Wgs84,,Anaconda Copper Mining Company,Butte Silver Bow Public Archives,03N,08W,14,application/pdf
bsb017,J21_Misc_2_BSBPA.pdf,Miscellaneous 2,J21,J21,2,Surface - 3200,Soudan; Orphan Girl; Sel Rising,J21 Misc. Vol. 2,"57, 500, 1500, 3200, 3400",Silver Bow,Butte,46.009222,-112.558562,Google Earth,Wgs84,,Anaconda Copper Mining Company,Butte Silver Bow Public Archives,03N,08W,14,application/pdf
bsb018,J23_Misc_2_BSBPA.pdf,Miscellaneous 2,J23,J23,2,100 - 1700,Neptune; Anselmo; Emma,J23 Misc. 2 Vol. 2,"130, 180, 223, 430, 1100, 1200, 1500, 1700",Silver Bow,Butte,46.009222,-112.549934,Google Earth,Wgs84,,Anaconda Copper Mining Company,Butte Silver Bow Public Archives,03N,08W,14,application/pdf
bsb019,J25_Misc_2_BSBPA.pdf,Miscellaneous 2,J25,J25,2,1100 - 3600,Emma; Steward; Colorado; Original,J25 Misc. 2 Vol. 2,"1100, 1200, 1400, 1600, 1800, 1750, 3600",Silver Bow,Butte,46.009222,-112.541272,Google Earth,Wgs84,,Anaconda Copper Mining Company,Butte Silver Bow Public Archives,03N,08W,13,application/pdf
bsb020,J27_Misc_2_BSBPA.pdf,Miscellaneous 2,J27,J27,2,3600 - 3800,Belmont,J27 Misc. 2 Vol. 2,"3600, 3800",Silver Bow,Butte,46.009222,-112.532457,Google Earth,Wgs84,,Anaconda Copper Mining Company,Butte Silver Bow Public Archives,03N,08W,13,application/pdf
bsb021,J29_Vol_1_BSBPA.pdf,Belmont,J29,J29,1,100 - 3900,Anderson; East Butte; Belmont; Butte - New England,J29 Vol. 1 Belmont,"23, 31, 60, 64, 100,  150, 156, 200, 300, 600, 700, 800, 900, 1000, 2800, 3000, 3200, 3600, 3700, 3800, 3900",Silver Bow,Butte,46.009222,-112.523926,Google Earth,Wgs84,,Anaconda Copper Mining Company,Butte Silver Bow Public Archives,03N,07W,18,application/pdf
bsb022,J31_Misc_2_BSBPA.pdf,Miscellaneous 2,J31,J31,2,100 - 3800,Geyman; Mary Maclane; Belmont,J31 Misc. 2 Vol. 2,"100, 150, 200, 300, 400, 3000, 3600, 3800",Silver Bow,Butte,46.009222,-112.515188,Google Earth,Wgs84,,Anaconda Copper Mining Company,Butte Silver Bow Public Archives,03N,07W,18,application/pdf
bsb023,Misc_2_K13_BSBPA.pdf,Miscellaneous 2,K13,K13,,,Azor; Blue Bird,K13 Misc. 2,"60, 100",Silver Bow,Butte,46.011384,-112.591146,Google Earth,Wgs84,,Anaconda Copper Mining Company,Butte Silver Bow Public Archives,03N,08W,16,application/pdf
bsb024,K15_Vol_1_Thru_2_BSBPA.pdf,Miscellaneous 2,K15,K15,1 and 2,,Tom Haney Claim; Blue Bird; Azor,K15 Vol. 1-2 Miscellaneous,"Surface, 60, 100",Silver Bow,Butte,46.011384,-112.584709,Google Earth,Wgs84,,Anaconda Copper Mining Company,Butte Silver Bow Public Archives,03N,08W,15,application/pdf
bsb025,Misc_2_K15_BSBPA.pdf,Miscellaneous 2,K15,K15,,,Tom Haney Claim; Blue Bird; Azor,K15 Misc. 2,"Surface, 60 Sill, 100 Sill, Amy Incline Shaft Collar",Silver Bow,Butte,46.011384,-112.532526,Google Earth,Wgs84,,Anaconda Copper Mining Company,Butte Silver Bow Public Archives,03N,08W,15,application/pdf
bsb026,K17_Vol_3_BSBPA.pdf,Nettie,K17,K17,3,700 - 900,Nettie; Orphan Girl,K17 Vol. 3 Nettie,"700, 800",Silver Bow,Butte,46.011384,-112.575906,Google Earth,Wgs84,,Anaconda Copper Mining Company,Butte Silver Bow Public Archives,03N,07W,15,application/pdf
bsb027,Misc_2_K17_BSBPA.pdf,Miscellaneous 2,K17,K17,,,Orphan Girl; Prospector,K17 Misc. 2,"290, 300, 340, 420, 500, 700",Silver Bow,Butte,46.011384,-112.575867,Google Earth,Wgs84,,Anaconda Copper Mining Company,Butte Silver Bow Public Archives,03N,08W,15,application/pdf
bsb028,K19_Vol_1_BSBPA.pdf,Orphan Girl,K19,K19,1,Surface - 700,Orphan Girl,K19 Vol. 1 Orphan Girl,"Surface, 100, 200, 300, 400, 500, 600, 700",Silver Bow,Butte,46.011384,-112.575906,Google Earth,Wgs84,,Anaconda Copper Mining Company,Butte Silver Bow Public Archives,03N,08W,14,application/pdf
bsb029,K19_Vol_2_BSBPA.pdf,Orphan Girl,K19,K19,2,800 - 1500,Orphan Girl,K19 Vol. 2 Orphan Girl,"800, 1000, 1200, 1400, 1500",Silver Bow,Butte,46.011384,-112.575906,Google Earth,Wgs84,,Anaconda Copper Mining Company,Butte Silver Bow Public Archives,03N,08W,14,application/pdf
bsb030,K19_Vol_3_BSBPA.pdf,Orphan Girl,K19,K19,3,1700 - 3200,Orphan Girl,K19 Vol. 3 Orphan Girl,"1700, 1900, 2100, 2300, 2800, 2900, 3000, 3200",Silver Bow,Butte,46.011384,-112.575906,Google Earth,Wgs84,,Anaconda Copper Mining Company,Butte Silver Bow Public Archives,03N,08W,14,application/pdf
bsb031,Misc_2_K27_BSBPA.pdf,Miscellaneous 2,K27,K27,,,Belmont; Steward,K27 Misc. 2,"3000, 3400, 3600, 3700. 3800, 3900, 4000",Silver Bow,Butte,46.011384,-112.532457,Google Earth,Wgs84,,Anaconda Copper Mining Company,Butte Silver Bow Public Archives,03N,08W,13,application/pdf
bsb032,K29_Vol_7_BSBPA.pdf,Belmont/Steward,K29,K29,,3600 - 3900,Belmont; Steward,K29 Belmont/Steward,"3600, 3700, 3800, 3900",Silver Bow,Butte,46.011384,-112.523717,Google Earth,Wgs84,,Anaconda Copper Mining Company,Butte Silver Bow Public Archives,03N,07W,18,application/pdf
bsb033,Misc_2_K31_BSBPA.pdf,Miscellaneous 2,K31,K31,,,Belmont,K31 Misc. 2,"3000, 3200, 3400",Silver Bow,Butte,46.011384,-112.515188,Google Earth,Wgs84,,Anaconda Copper Mining Company,Butte Silver Bow Public Archives,03N,07W,18,application/pdf
bsb034,L17_Vols_1_and_2_BSBPA.pdf,Nettie,L17,L17,1 and 2,100 - 600,Nettie Lease; Nettie; Hibernia; Orphan Girl,L17 Vols. 1 and 2 Nettie,"150, 200, 205, 250, 300, 396, 400, 500, 600, 700",Silver Bow,Butte,46.013596,-112.575867,Google Earth,Wgs84,,Anaconda Copper Mining Company,Butte Silver Bow Public Archives,03N,08W,14,application/pdf
bsb035,Misc_3_L15_L17_BSBPA.pdf,Miscellaneous 3,L17,L17,,Surface - 100,Nettie,L15 - L17 Misc. 3,Surface,Silver Bow,Butte,46.013596,-112.575867,Google Earth,Wgs84,,Anaconda Copper Mining Company,Butte Silver Bow Public Archives,03N,08W,14,application/pdf
bsb036,Misc_3_L19_BSBPA.pdf,Miscellaneous 3,L19,L19,,100 - 2800,Charmer; Orphan Girl,L19 Misc. 3,"100, 200, 300, 500, 1500, 2800",Silver Bow,Butte,46.013603,-112.567291,Google Earth,Wgs84,,Anaconda Copper Mining Company,Butte Silver Bow Public Archives,03N,08W,14,application/pdf
bsb037,L21_Vol_1_BSBPA.pdf,Anselmo,L21,L21,1,300 - 3000,Orphan Girl; Anselmo; Anselmo Air Shaft,L21 Vol. 1 Anselmo,"300, 319, 500, 1000, 1200, 1500, 2300, 2800, 3000",Silver Bow,Butte,46.013603,-112.558562,Google Earth,Wgs84,,Anaconda Copper Mining Company,Butte Silver Bow Public Archives,03N,08W,14,application/pdf
bsb038,Misc_3_L25_BSBPA.pdf,Miscellaneous 3,L25,L25,,500 - 4200,Silver King; Gagnon; Steward; Original; Emma,L25 Misc. 3,"500, 1400, 1600, 1800, 3600, 3800, 4200",Silver Bow,Butte,46.013603,-112.541272,Google Earth,Wgs84,,Anaconda Copper Mining Company,Butte Silver Bow Public Archives,03N,08W,13,application/pdf
bsb039,Misc_3_L29_BSBPA.pdf,Miscellaneous 3,L29,L29,,4200 - 4400,Steward; Mountain Consolidated,L29 Misc. 3,"4200, 4400",Silver Bow,Butte,46.013603,-112.523756,Google Earth,Wgs84,,Anaconda Copper Mining Company,Butte Silver Bow Public Archives,03N,08W,18,application/pdf
bsb040,Misc_3_M11_BSBPA.pdf,Miscellaneous 3,M11,M11,,Surface,Montana Claim; Great Republic; LP Tanner,M11 Misc. 3,"28, 54, 100",Silver Bow,Butte,46.015774,-112.60197,Google Earth,Wgs84,,Anaconda Copper Mining Company,Butte Silver Bow Public Archives,03N,08W,16,application/pdf
bsb041,Misc_3_M13_N13_BSBPA.pdf,Miscellaneous 3,M13,M13,,200,Great Republic,M13 Misc. 3,200,Silver Bow,Butte,46.015774,-112.60197,Google Earth,Wgs84,,Anaconda Copper Mining Company,Butte Silver Bow Public Archives,03N,08W,16,application/pdf
bsb042,Misc_3_M15_BSBPA.pdf,Miscellaneous 3,M15,M15,,100 - 300,Mapleton; Antonioli,M15 Misc. 3,"100, 170, 230, 270, Collar",Silver Bow,Butte,46.015774,-112.584709,Google Earth,Wgs84,,Anaconda Copper Mining Company,Butte Silver Bow Public Archives,03N,08W,15,application/pdf
bsb043,Misc_3_M17_BSBPA.pdf,Miscellaneous 3,M17,M17,,500,Orphan Girl,M17 Misc. 3,500,Silver Bow,Butte,46.015774,-112.575906,Google Earth,Wgs84,,Anaconda Copper Mining Company,Butte Silver Bow Public Archives,03N,08W,15,application/pdf
bsb044,Misc_3_M19_BSBPA.pdf,Miscellaneous 3,M19,M19,,200 - 2800,Charmer; Orphan Girl,M19 Misc. 3,"200, 2800",Silver Bow,Butte,46.015774,-112.567291,Google Earth,Wgs84,,Anaconda Copper Mining Company,Butte Silver Bow Public Archives,03N,08W,14,application/pdf
bsb045,Misc_3_M21_BSBPA.pdf,Miscellaneous 3,M21,M21,,300 - 500,Anselmo; Anselmo Air Shaft; Orphan Girl,M21 Misc. 3,"300, 500",Silver Bow,Butte,46.015774,-112.558562,Google Earth,Wgs84,,Anaconda Copper Mining Company,Butte Silver Bow Public Archives,03N,08W,14,application/pdf
bsb046,M23_Vols_1_Thru_3_BSBPA.pdf,Anselmo,M23,M23,1 through 3,Surface - 1200,Volunteer; Anselmo; Anselmo Air Shaft; Gambrinus; Orphan Girl,M23 Vol. 1 - 3 Anselmo,"Surface, 40, 60, 61, 67, 167, 200, 300, 500, 600, 800, 1000, 1200",Silver Bow,Butte,46.015774,-112.549934,Google Earth,Wgs84,,Anaconda Copper Mining Company,Butte Silver Bow Public Archives,03N,08W,14,application/pdf
bsb047,M23_Vol_4_BSBPA.pdf,Anselmo,M23,M23,4,1400 - 2100,Anselmo,M23 Vol. 4 Anselmo,"1500, 1700, 1900, 2100",Silver Bow,Butte,46.015774,-112.549934,Google Earth,Wgs84,,Anaconda Copper Mining Company,Butte Silver Bow Public Archives,03N,08W,14,application/pdf
bsb048,M23_Vol_5_BSBPA.pdf,Anselmo,M23,M23,5,2300 - 3200,Anselmo; Original,M23 Vol. 5 Anselmo,"2300, 2800, 3000, 3200",Silver Bow,Butte,46.015774,-112.549934,Google Earth,Wgs84,,Anaconda Copper Mining Company,Butte Silver Bow Public Archives,03N,08W,14,application/pdf
bsb049,M23_Vol_6_BSBPA.pdf,Anselmo,M23,M23,6,3400 - 4200,Anselmo;,M23 Vol. 6 Anselmo,"3400, 3600, 3800, 3900, 4000, 4100, 4200",Silver Bow,Butte,46.015774,-112.549934,Google Earth,Wgs84,,Anaconda Copper Mining Company,Butte Silver Bow Public Archives,03N,08W,14,application/pdf
bsb050,M27_Vol_1_BSBPA.pdf,Steward,M27,M27,1,100 - 300,Steward; Baltic; Soudan; Little Gold Hill; Parrot; Gray Eagle; Original; Gold Hill; Handlin; Blue Jay; Washoe; Whitman; Artic; Benham; Neversweat,M27 Vol. 1 Steward,"100, 200, 300",Silver Bow,Butte,46.015774,-112.53263,Google Earth,Wgs84,,Anaconda Copper Mining Company,Butte Silver Bow Public Archives,03N,08W,13,application/pdf
bsb051,M27_Vol_2_BSBPA.pdf,Steward,M27,M27,2,400 - 800,Steward; Washoe; Parrot; Blue Jay; Neversweat; Wyoming Street Shaft; Moonlight; Gold Hill; Artic,M27 Vol. 2 Steward,"300, 200, 400, 500, 600, 700, 800, 900, 1000, Original No. 6 Shaft",Silver Bow,Butte,46.015774,-112.53263,Google Earth,Wgs84,,Anaconda Copper Mining Company,Butte Silver Bow Public Archives,03N,08W,13,application/pdf
bsb052,M27_Vol_3_BSBPA.pdf,Steward,M27,M27,3,900 - 1300,Original; Steward; Moonlight; Blue Jay; Parrot; Neversweat,M27 Vol. 3 Steward,"700, 800, 900, 1000, 1100, 1200, 1300, 1400, 1500, 1600",Silver Bow,Butte,46.015774,-112.53263,Google Earth,Wgs84,,Anaconda Copper Mining Company,Butte Silver Bow Public Archives,03N,08W,13,application/pdf
bsb053,M27_Vol_4_BSBPA.pdf,Steward,M27,M27,4,1400 - 2200,Steward; Original; Moonlight; Parrot; Neversweat,M27 Vol. 4 Steward,"1300, 1400, 1500, 1600, 1700, 1800, 1900, 2000, 2200",Silver Bow,Butte,46.015774,-112.53263,Google Earth,Wgs84,,Anaconda Copper Mining Company,Butte Silver Bow Public Archives,03N,08W,13,application/pdf
bsb054,M27_Vol_5_BSBPA.pdf,Steward,M27,M27,5,2100 - 2800,Original; Steward; Neversweat; Parrot; Colorado,M27 Vol. 5 Steward,"1700, 1900, 2000, 2100, 2200, 2300, 2400, 2800",Silver Bow,Butte,46.015774,-112.53263,Google Earth,Wgs84,,Anaconda Copper Mining Company,Butte Silver Bow Public Archives,03N,08W,13,application/pdf
bsb055,M27_Vol_6_BSBPA.pdf,Steward,M27,M27,6,3000 - 3400,Original; Steward; Colorado; New Steward; Belmont,M27 Vol. 6 Steward,"2400, 2800, 3000, 3200, 3400",Silver Bow,Butte,46.015774,-112.53263,Google Earth,Wgs84,,Anaconda Copper Mining Company,Butte Silver Bow Public Archives,03N,08W,13,application/pdf
bsb056,M27_Vol_7_BSBPA.pdf,Steward,M27,M27,7,3600 - 4000,Steward; Belmont; Mountain Consolidated,M27 Vol. 7 Steward,"3600, 3800, 3900, 4000",Silver Bow,Butte,46.015774,-112.53263,Google Earth,Wgs84,,Anaconda Copper Mining Company,Butte Silver Bow Public Archives,03N,08W,13,application/pdf
bsb057,M27_Vol_8_BSBPA.pdf,Mountain Consolidated,M27,M27,8,4100 - 4500,Mountain Consolidated; Steward,M27 Vol. 8 Mountain Consolidated,"4100, 4200, 4400, 4500",Silver Bow,Butte,46.015774,-112.53263,Google Earth,Wgs84,,Anaconda Copper Mining Company,Butte Silver Bow Public Archives,03N,08W,13,application/pdf
bsb058,M29_Vol_2_BSBPA.pdf,Anaconda,M29,M29,2,600 - 1000,Parrot; St. Lawrence; Colusa Parrot; Moonlight; Neversweat; Ramsdell Parrot; Anaconda; Rose; Kelley; LHD,M29 Vol. 2 Anaconda,"250, 300, 400, 500, 600, 700, 800, 900, 1000",Silver Bow,Butte,46.015774,-112.523901,Google Earth,Wgs84,,Anaconda Copper Mining Company,Butte Silver Bow Public Archives,03N,07W,18,application/pdf
bsb059,M29_Vol_3_BSBPA.pdf,Anaconda,M29,M29,3,1100 - 1600,Anaconda; Neversweat; Colusa Parrot; Moonlight; St. Lawrence; Parrot; Kelley; Ramsdell Parrot,M29 Vol. 3 Anaconda,"800, 900, 1000, 1100, 1200, 1300, 1400, 1500, 1600",Silver Bow,Butte,46.015774,-112.523901,Google Earth,Wgs84,,Anaconda Copper Mining Company,Butte Silver Bow Public Archives,03N,07W,18,application/pdf
bsb060,M29_Vol_5_BSBPA.pdf,Anaconda,M29,M29,5,2200 - 2800,Neversweat; Anaconda; Belmont; St. Lawrence,M29 Vol. 5 Anaconda,"2000, 2100, 2200, 2400, 2600, 2800",Silver Bow,Butte,46.015774,-112.523901,Google Earth,Wgs84,,Anaconda Copper Mining Company,Butte Silver Bow Public Archives,03N,07W,18,application/pdf
bsb061,M29_Vol_6_BSBPA.pdf,Anaconda,M29,M29,6,2900 - 3000,Belmont; New Steward; Steward,M29 Vol. 6 Anaconda,"3000, 3200, 3400",Silver Bow,Butte,46.01577,-112.523901,Google Earth,Wgs84,,Anaconda Copper Mining Company,Butte Silver Bow Public Archives,03N,07W,18,application/pdf
bsb062,M29_Vol_7_BSBPA.pdf,Anaconda,M29,M29,7,3600,Steward; Belmont; Mountain Consolidated; Neversweat,M29 Vol. 7 Anaconda,"3600, 3700, 3800, 3900, 4000, 4100, 4200, 4400, 4500",Silver Bow,Butte,46.01577,-112.523901,Google Earth,Wgs84,,Anaconda Copper Mining Company,Butte Silver Bow Public Archives,03N,07W,18,application/pdf
bsb063,Misc_3_Vol_1_N15_N17_BSBPA.pdf,Miscellaneous 3,N17,N17,1,100 - 5000,Plutus,N15 - N17 Misc. 3 Vol. 1,Surface,Silver Bow,Butte,46.01794,-112.575906,Google Earth,Wgs84,,Anaconda Copper Mining Company,Butte Silver Bow Public Archives,03N,08W,15,application/pdf
bsb064,N23_Vol_4_BSBPA.pdf,Anselmo,N23,N23,4,1400 - 1900,Anselmo,N23 Vol. 4 Anselmo,"1300, 1500, 1700, 1900",Silver Bow,Butte,46.01794,-112.549934,Google Earth,Wgs84,,Anaconda Copper Mining Company,Butte Silver Bow Public Archives,03N,08W,14,application/pdf
bsb065,N23_Vol_5_BSBPA.pdf,Anselmo,N23,N23,5,2000 - 2800,Anselmo; Original,N23 Vol. 5 Anselmo,"2100, 2300, 2800",Silver Bow,Butte,46.01794,-112.549934,Google Earth,Wgs84,,Anaconda Copper Mining Company,Butte Silver Bow Public Archives,03N,08W,14,application/pdf
bsb066,N23_Vol_6_BSBPA.pdf,Anselmo,N23,N23,6,3000 - 3600,Anselmo;,N23 Vol. 6 Anselmo,"3000, 3200, 3600, 3800, 3900, 4000, 4100, 4200, 4400, 4500, ",Silver Bow,Butte,46.01794,-112.549934,Google Earth,Wgs84,,Anaconda Copper Mining Company,Butte Silver Bow Public Archives,03N,08W,14,application/pdf
bsb067,Misc_3_Vol_1_N23_BSBPA.pdf,Miscellaneous 3,N23,N23,1,100-5000,Anselmo; Trifle,N23 Misc. 3 Vol. 1,"Surface, 100, 160, 300, 600, 800, 1000",Silver Bow,Butte,46.01794,-112.549934,Google Earth,Wgs84,,Anaconda Copper Mining Company,Butte Silver Bow Public Archives,03N,08W,14,application/pdf
bsb068,N25_Vols_1_Thru_4_BSBPA.pdf,Original/Anselmo,N25,N25,1 through 4,100 - 1900,Mount Moriah; Original; Gagnon; West Gagnon; Jasper; Steward; Anselmo,N25 Vol. 1 Through 4 Original/Anselmo,"Surface, 70, 100, 116, 175, 200, 300, 400, 500, 600, 700, 800, 1000, 1100, 1200, 1300, 1400, 1500, 1600, 1620, 1700, 1800, 1900",Silver Bow,Butte,46.01794,-112.541272,Google Earth,Wgs84,,Anaconda Copper Mining Company,Butte Silver Bow Public Archives,03N,08W,13,application/pdf
bsb069,N25_Vol_5_BSBPA.pdf,Steward,N25,N25,5,2100 - 2800,Steward; Original; Anselmo; West Gagnon,N25 Vol. 5 Steward,"2000, 2100, 2200, 2300, 2800",Silver Bow,Butte,46.01794,-112.541272,Google Earth,Wgs84,,Anaconda Copper Mining Company,Butte Silver Bow Public Archives,03N,08W,13,application/pdf
bsb070,N25_Vol_6_BSBPA.pdf,Steward,N25,N25,6,3000 - 3400,Steward; Anselmo; Original,N25 Vol. 6 Steward,"3000, 3200, 3400, 3600",Silver Bow,Butte,46.01794,-112.541272,Google Earth,Wgs84,,Anaconda Copper Mining Company,Butte Silver Bow Public Archives,03N,08W,13,application/pdf
bsb071,N25_Vol_7_BSBPA.pdf,Steward,N25,N25,7,3600 - 4100,Anselmo; Steward; Original; Mountain Consolidated,N25 Vol. 7 Steward,"3600, 3800, 3900, 4000, 4100, 4200, 4400",Silver Bow,Butte,46.01794,-112.541272,Google Earth,Wgs84,,Anaconda Copper Mining Company,Butte Silver Bow Public Archives,03N,08W,13,application/pdf
bsb072,N27_Vol_1_BSBPA.pdf,Steward,N27,N27,1,Surface - 300,Kelley; Nipper; Blue X; Aplite; Oden; Old East Steward; Original; Benham; West Steward; Original; Parrot; Original No.6,N27 Vol. 1 Steward,"Surface, 100, 200, 300",Silver Bow,Butte,46.017954,-112.53263,Google Earth,Wgs84,,Anaconda Copper Mining Company,Butte Silver Bow Public Archives,03N,08W,13,application/pdf
bsb073,N27_Vol_2_BSBPA.pdf,Steward,N27,N27,2,400 - 800,West Steward; Old East Steward; Original; Original No. 6E; Steward; East Steward; Clear Grit; Nipper; Parrot; Little Mina; Neversweat,N27 Vol. 2 Steward,"400, 450, 500, 600, 650, 700, 800, 900, 1000",Silver Bow,Butte,46.017954,-112.53263,Google Earth,Wgs84,,Anaconda Copper Mining Company,Butte Silver Bow Public Archives,03N,08W,13,application/pdf
bsb074,N27_Vol_3_BSBPA.pdf,Steward,N27,N27,3,900 - 1300,West Steward; Little Mina; Original; Steward; East Steward; Nipper; Parrot; Neversweat,N27 Vol. 3 Steward,"900, 924, 1000, 1100, 1200, 1300, 1400",Silver Bow,Butte,46.017954,-112.53263,Google Earth,Wgs84,,Anaconda Copper Mining Company,Butte Silver Bow Public Archives,03N,08W,13,application/pdf
bsb075,N27_Vol_4_BSBPA.pdf,Steward,N27,N27,4,1400 - 1900,Steward; Parrot,N27 Vol. 4 Steward,"1500, 1700, 1800, 1900",Silver Bow,Butte,46.017954,-112.53263,Google Earth,Wgs84,,Anaconda Copper Mining Company,Butte Silver Bow Public Archives,03N,08W,13,application/pdf
bsb076,N27_Vol_5_BSBPA.pdf,Steward,N27,N27,5,2100 - 2800,Steward; Neversweat,N27 Vol. 5 Steward,"2000, 2100, 2200, 2300, 2800",Silver Bow,Butte,46.017954,-112.53263,Google Earth,Wgs84,,Anaconda Copper Mining Company,Butte Silver Bow Public Archives,03N,08W,13,application/pdf
bsb077,N27_Vol_6_BSBPA.pdf,Steward,N27,N27,6,3000 - 3400 ,Steward,N27 Vol. 6 Steward,"3000, 3200, 3400",Silver Bow,Butte,46.017954,-112.53263,Google Earth,Wgs84,,Anaconda Copper Mining Company,Butte Silver Bow Public Archives,03N,08W,13,application/pdf
bsb078,N27_Vol_7_BSBPA.pdf,Steward,N27,N27,7,3600 - 4000,Steward; Mountain Consolidated; Kelley,N27 Vol. 7 Steward,"3600, 3800, 3900, 4000, 4100",Silver Bow,Butte,46.017954,-112.53263,Google Earth,Wgs84,,Anaconda Copper Mining Company,Butte Silver Bow Public Archives,03N,08W,13,application/pdf
bsb079,N27_Vol_8_BSBPA.pdf,Steward,N27,N27,8,4100,Steward; Mountain Consolidated; Kelley,N27 Vol. 8 Steward,"4100, 4200, 4300, 4400, 4500, 4600",Silver Bow,Butte,46.017954,-112.53263,Google Earth,Wgs84,,Anaconda Copper Mining Company,Butte Silver Bow Public Archives,03N,08W,13,application/pdf
bsb080,N29_Vol_1_BSBPA.pdf,Anaconda,N29,N29,1,Surface - 500,Anaconda; Molly Murphy; Kelley; Neversweat; St. Lawrence; St. Lawrence Tunnel; Nipper,N29 Vol. 1 Anaconda,"Surface, 35, 40, 60, 65, 75, 100, 150, 200, 250, 300, 400, 500",Silver Bow,Butte,46.017952,-112.52396,Google Earth,Wgs84,,Anaconda Copper Mining Company,Butte Silver Bow Public Archives,03N,07W,18,application/pdf
bsb081,N29_Vol_3_BSBPA.pdf,Anaconda,N29,N29,3,1100 - 1600,Anaconda; St. Lawrence; Neversweat; Kelley; Diamond,N29 Vol. 3 Anaconda,"800, 900, 1100, 1200, 1300, 1400, 1500, 1600, 1700",Silver Bow,Butte,46.017952,-112.52396,Google Earth,Wgs84,,Anaconda Copper Mining Company,Butte Silver Bow Public Archives,03N,07W,18,application/pdf
bsb082,N29_Vol_4_BSBPA.pdf,Anaconda,N29,N29,4,1700 - 2100,Neversweat; Anaconda; High Ore; Diamond; Mountain View; St. Lawrence,N29 Vol. 4 Anaconda,"1400, 1500, 1600, 1800, 2000, 2100, 2200",Silver Bow,Butte,46.017952,-112.52396,Google Earth,Wgs84,,Anaconda Copper Mining Company,Butte Silver Bow Public Archives,03N,07W,18,application/pdf
bsb083,N29_Vol_5_BSBPA.pdf,Anaconda,N29,N29,5,2200 - 2800,Anaconda; St. Lawrence; Neversweat,N29 Vol. 5 Anaconda,"2000, 2200, 2400, 2600, 2800",Silver Bow,Butte,46.017952,-112.52396,Google Earth,Wgs84,,Anaconda Copper Mining Company,Butte Silver Bow Public Archives,03N,07W,18,application/pdf
bsb084,N29_Vol_6_BSBPA.pdf,Anaconda,N29,N29,6,2900 - 3400,Anaconda; St. Lawrence; Neversweat,N29 Vol. 6 Anaconda,"3000, 3200, 3400",Silver Bow,Butte,46.017952,-112.52396,Google Earth,Wgs84,,Anaconda Copper Mining Company,Butte Silver Bow Public Archives,03N,07W,18,application/pdf
bsb085,Misc_3_Vol_1_N29_BSBPA.pdf,Miscellaneous 3,N29,N29,1,100 - 5000,Steward; Belmont; Mountain Consolidated; High Ore; Anaconda; Kelley,N29 Misc. 3 Vol. 1,"3600, 3800, 4000, 4200",Silver Bow,Butte,46.01794,-112.523756,Google Earth,Wgs84,,Anaconda Copper Mining Company,Butte Silver Bow Public Archives,03N,07W,18,application/pdf
bsb086,Misc_3_Vol_1_O15_BSBPA.pdf,Miscellaneous 3,O15,O15,1,100 - 5000,Little Sarah Claim; Norwich Claim; W.P. Lavelle,O15 Misc. 3 Vol. 1,Surface,Silver Bow,Butte,46.01794,-112.523756,Google Earth,Wgs84,,Anaconda Copper Mining Company,Butte Silver Bow Public Archives,03N,08W,10,application/pdf
bsb087,O23_Vol_1_BSBPA.pdf,Anselmo,O23,O23,1,100 - 4600,Hornet; Anselmo,O23 Vol. 1 Anselmo,"100, 300, 800, 1000, 1200, 1500, 2100, 3800, 4000, 4600",Silver Bow,Butte,46.020147,-112.549934,Google Earth,Wgs84,,Anaconda Copper Mining Company,Butte Silver Bow Public Archives,03N,08W,10,application/pdf
bsb088,O25_Vol_1_BSBPA.pdf,Poulin - South,O25,O25,1,100 - 400,Humboldt; Anselmo; Syndicate; New Era; Johnson; Downey; Poulin; Farlin; Buffalo; Ora Butte,O25 Vol. 1 Poulin - South,"100, 200, 300, 400",Silver Bow,Butte,46.020147,-112.54127,Google Earth,Wgs84,,Anaconda Copper Mining Company,Butte Silver Bow Public Archives,03N,08W,12,application/pdf
bsb089,O25_Vol_2_BSBPA.pdf,Poulin - South,O25,O25,2,500 - 1000,Poulin; Anselmo; ARA Butte; Moscow; Clear Grit; Poulin; West Steward,O25 Vol. 2 Poulin - South,"300, 325, 409, 500, 600, 700, 800, 900, 1000",Silver Bow,Butte,46.020147,-112.54127,Google Earth,Wgs84,,Anaconda Copper Mining Company,Butte Silver Bow Public Archives,03N,08W,12,application/pdf
bsb090,O25_Vol_3_BSBPA.pdf,Poulin - South,O25,O25,3,1100 - 1600,Poulin; Mountain Consolidated; Buffalo; Ravin,O25 Vol. 3 Poulin - South,"1200, 1500, 1700",Silver Bow,Butte,46.020147,-112.54127,Google Earth,Wgs84,,Anaconda Copper Mining Company,Butte Silver Bow Public Archives,03N,08W,12,application/pdf
bsb091,O25_Vol_4_BSBPA.pdf,Poulin - South,O25,O25,4,1500 - 2100,Anselmo; Steward,O25 Vol. 4 Poulin - South,"1500, 1600, 1700, 1900, 2100",Silver Bow,Butte,46.020147,-112.54127,Google Earth,Wgs84,,Anaconda Copper Mining Company,Butte Silver Bow Public Archives,03N,08W,12,application/pdf
bsb092,O25_Vol_5_BSBPA.pdf,Anselmo/Steward,O25,O25,5,2200 - 2800,Steward; Anselmo; Original; Mountain Consolidated,O25 Vol. 5 Anselmo/Steward,"2100, 2300, 2600, 2800",Silver Bow,Butte,46.020147,-112.54127,Google Earth,Wgs84,,Anaconda Copper Mining Company,Butte Silver Bow Public Archives,03N,08W,12,application/pdf
bsb093,O25_Vol_6_BSBPA.pdf,Anselmo/Steward,O25,O25,6,2900 - 3400,Steward; Original; Mountain Consolidated,O25 Vol. 6 Anselmo/Steward,"2900, 3000, 3100, 3200, 3300, 3400, 3600",Silver Bow,Butte,46.020147,-112.54127,Google Earth,Wgs84,,Anaconda Copper Mining Company,Butte Silver Bow Public Archives,03N,08W,12,application/pdf
bsb094,O25_Vol_7_BSBPA.pdf,Mountain Consolidated/Steward,O25,O25,7,3500 - 4400,Steward; Mountain Consolidated; Anselmo,O25 Vol. 7 Mountain Consolidated/Steward,"3500, 3600, 3800, 3900, 4000, 4200, 4400",Silver Bow,Butte,46.020147,-112.54127,Google Earth,Wgs84,,Anaconda Copper Mining Company,Butte Silver Bow Public Archives,03N,08W,12,application/pdf
bsb095,O27_Vol_1_BSBPA.pdf,Mountain Consolidated/Steward,O27,O27,1,100 - 400,Kelley; Little Mina; Winlass; Silver Hill; Clear Grit; East Mina,O27 Vol. 1 Mountain Consolidated/Steward,"Collar, 35, 50, 85, 100, 115, 150, 175, 200, 300, 400",Silver Bow,Butte,46.020147,-112.532457,Google Earth,Wgs84,,Anaconda Copper Mining Company,Butte Silver Bow Public Archives,03N,08W,12,application/pdf
bsb096,O27_Vol_2_BSBPA.pdf,Mountain Consolidated,O27,O27,2,500 - 1000,Little Mina; Clear Grit; Kelley; Mountain Consolidated,O27 Vol. 2 Mountain Consolidated,"400, 500, 600, 700, 800, 1000, 1100",Silver Bow,Butte,46.020147,-112.532457,Google Earth,Wgs84,,Anaconda Copper Mining Company,Butte Silver Bow Public Archives,03N,08W,12,application/pdf
bsb097,O27_Vol_3_BSBPA.pdf,Mountain Consolidated,O27,O27,3,1100 - 1600,Little Mina; Kelley; Steward; Mountain Consolidated; Diamond,O27 Vol. 3 Mountain Consolidated,"900, 1000, 1100, 1200, 1300, 1500, 1600, 1700, 1800",Silver Bow,Butte,46.020147,-112.532457,Google Earth,Wgs84,,Anaconda Copper Mining Company,Butte Silver Bow Public Archives,03N,08W,12,application/pdf
bsb098,O27_Vol_4_BSBPA.pdf,Mountain Consolidated,O27,O27,4,1100 - 1600,Mountain Consolidated; Diamond; Kelley; Green Mountain,O27 Vol. 4 Mountain Consolidated,"1300, 1400, 1500, 1600, 1700, 1800, 1900, 2000, 2100, 2200",Silver Bow,Butte,46.020147,-112.532457,Google Earth,Wgs84,,Anaconda Copper Mining Company,Butte Silver Bow Public Archives,03N,08W,12,application/pdf
bsb099,O27_Vol_5_BSBPA.pdf,Mountain Consolidated,O27,O27,5,2300 - 2800,Steward; Mountain Consolidated; Kelley; Neversweat; High Ore; Original,O27 Vol. 5 Mountain Consolidated,"1800, 1900, 2000, 2100, 2200, 2300, 2400, 2500, 2600, 2800",Silver Bow,Butte,46.020147,-112.532457,Google Earth,Wgs84,,Anaconda Copper Mining Company,Butte Silver Bow Public Archives,03N,08W,12,application/pdf
bsb100,O27_Vol_6_BSBPA.pdf,Mountain Consolidated,O27,O27,6,2900 - 3600,Mountain Consolidated; Steward; Kelley,O27 Vol. 6 Mountain Consolidated,"2900, 3000, 3100, 3200, 3300, 3400, 3500, 3600, 3800",Silver Bow,Butte,46.020147,-112.532457,Google Earth,Wgs84,,Anaconda Copper Mining Company,Butte Silver Bow Public Archives,03N,08W,12,application/pdf
bsb101,O27_Vol_7_BSBPA.pdf,Mountain Consolidated,O27,O27,7,4000 - 4500,Mountain Consolidated,O27 Vol. 7 Mountain Consolidated,"4000, 4100, 4200, 4400, 4500, 4600",Silver Bow,Butte,46.020147,-112.532457,Google Earth,Wgs84,,Anaconda Copper Mining Company,Butte Silver Bow Public Archives,03N,08W,12,application/pdf
bsb102,O27_Vol_8_BSBPA.pdf,Mountain Consolidated,O27,O27,8,4400,Mountain Consolidated; Kelley,O27 Vol. 8 Mountain Consolidated,"4400, 4500, 4600, 4700",Silver Bow,Butte,46.020147,-112.532457,Google Earth,Wgs84,,Anaconda Copper Mining Company,Butte Silver Bow Public Archives,03N,08W,12,application/pdf
bsb103,O29_Vol_1_BSBPA.pdf,Diamond,O29,O29,1,Surface - 5633,Diamond; Parnell; High Ore; LER; Kelley; St. Lawrence; Mountain View; Berkeley Pit,O29 Vol. 1 Diamond,"35, 40, 100, 150, 200, 250, 300, 350, 400, 500, 600, 5967, 5900, 5833, 5767, 5700, 5633",Silver Bow,Butte,46.020147,-112.524008,Google Earth,Wgs84,,Anaconda Copper Mining Company,Butte Silver Bow Public Archives,03N,07W,7,application/pdf
bsb104,O29_Vol_2_BSBPA.pdf,Diamond,O29,O29,2,700 - 1200,Diamond; Kelley; St. Lawrence; Parnell; Nipper; LER; Bell,O29 Vol. 2 Diamond,"400, 500, 600, 700, 800, 900, 1000, 1150, 1200",Silver Bow,Butte,46.020147,-112.523756,Google Earth,Wgs84,,Anaconda Copper Mining Company,Butte Silver Bow Public Archives,03N,07W,7,application/pdf
bsb105,O29_Vol_4_BSBPA.pdf,Diamond,O29,O29,4,1800 - 2200,Diamond; High Ore; Kelley; Mountain Consolidated; Mountain View,O29 Vol. 4 Diamond,"1800, 1900, 2000, 2100, 2200",Silver Bow,Butte,46.020147,-112.52401,Google Earth,Wgs84,,Anaconda Copper Mining Company,Butte Silver Bow Public Archives,03N,07W,7,application/pdf
bsb106,O29_Vol_5_BSBPA.pdf,Diamond,O29,O29,5,2300 - 2800,Diamond; Kelley; High Ore; Mountain View; Anaconda; Belmont,O29 Vol. 5 Diamond,"2300, 2400, 2500, 2600, 2700, 2800",Silver Bow,Butte,46.020147,-112.52401,Google Earth,Wgs84,,Anaconda Copper Mining Company,Butte Silver Bow Public Archives,03N,07W,7,application/pdf
bsb107,O29_Vol_6_BSBPA.pdf,Diamond,O29,O29,6,2900 - 3400,Diamond; Kelley; Belmont; High Ore; Steward; Mountain Consolidated,O29 Vol.6 Diamond,"2900, 3000, 3100, 3200, 3300, 3400",Silver Bow,Butte,46.020147,-112.52401,Google Earth,Wgs84,,Anaconda Copper Mining Company,Butte Silver Bow Public Archives,03N,07W,7,application/pdf
bsb108,O29_Vol_7_BSBPA.pdf,Diamond,O29,O29,7,3500,High Ore; Mountain Consolidated; Kelley,O29 Vol. 7 Diamond,"3500, 3600, 3800, 3900, 3970, 4000, 4100, 4200, 4400, 4500, 4600, 4700",Silver Bow,Butte,46.020147,-112.52401,Google Earth,Wgs84,,Anaconda Copper Mining Company,Butte Silver Bow Public Archives,03N,07W,7,application/pdf
bsb109,P25_Vol_2_BSBPA.pdf,Poulin,P25,P25,2,500 - 1000,Poulin; Buffalo; Ravin; Old Glory; Moscow,P25 Vol. 2 Poulin,"409, 500, 600, 700, 800, 900, 1000, 1100, 1300",Silver Bow,Butte,46.022304,-112.541272,Google Earth,Wgs84,,Anaconda Copper Mining Company,Butte Silver Bow Public Archives,03N,08W,12,application/pdf
bsb110,P25_Vol_3_BSBPA.pdf,Poulin,P25,P25,3,1100 - 1600,Ravin; Poulin; Buffalo,P25 Vol. 3 Poulin,"1100, 1200, 1300, 1500, 1700",Silver Bow,Butte,46.022304,-112.541272,Google Earth,Wgs84,,Anaconda Copper Mining Company,Butte Silver Bow Public Archives,03N,08W,12,application/pdf
bsb111,P25_Vol_4_BSBPA.pdf,Mountain Consolidated,P25,P25,4,1700 - 4700,Steward; Mountain Consolidated,P25 Vol. 4 Mountain Consolidated,"1700, 2100, 2300, 4200, 4400, 4500, 4800",Silver Bow,Butte,46.022304,-112.541272,Google Earth,Wgs84,,Anaconda Copper Mining Company,Butte Silver Bow Public Archives,03N,08W,12,application/pdf
bsb112,P25_Vol_5_BSBPA.pdf,Mountain Consolidated,P25,P25,5,4800 - 5100,Mountain Consolidated,P25 Vol. 5 Mountain Consolidated,"4800, 5000, 5100",Silver Bow,Butte,46.022304,-112.541272,Google Earth,Wgs84,,Anaconda Copper Mining Company,Butte Silver Bow Public Archives,03N,08W,12,application/pdf
bsb113,P27_Vol_1_BSBPA.pdf,Mountain Consolidated - North,P27,P27,1,100 - 600,Mountain Consolidated; Green Mountain; West Buffalo; West Gray Rock; Silver Hill; Buffalo; Little Mina; Diamond,P27 Vol. 1 Mountain Consolidated - North,"70, 100, 150, 200, 300, 400, 500, 600",Silver Bow,Butte,46.022304,-112.532457,Google Earth,Wgs84,,Anaconda Copper Mining Company,Butte Silver Bow Public Archives,03N,08W,12,application/pdf
bsb114,P27_Vol_2_BSBPA.pdf,Mountain Consolidated - North,P27,P27,2,500 - 1000,Buffalo; Mountain Consolidated; West Gray Rock; Green Mountain; Little Mina; Old Glory,P27 Vol. 2 Mountain Consolidated - North,"500, 600, 700, 800, 900, 1000, 1100",Silver Bow,Butte,46.022304,-112.532457,Google Earth,Wgs84,,Anaconda Copper Mining Company,Butte Silver Bow Public Archives,03N,08W,12,application/pdf
bsb115,P27_Vol_3_BSBPA.pdf,Mountain Consolidated - North,P27,P27,3,1100 - 1600,Buffalo; Mountain Consolidated; Green Mountain; Lexington; Diamond,P27 Vol. 3 Mountain Consolidated - North,"1100, 1200, 1300, 1400, 1500, 1600, 1700, 1800",Silver Bow,Butte,46.022304,-112.532457,Google Earth,Wgs84,,Anaconda Copper Mining Company,Butte Silver Bow Public Archives,03N,08W,12,application/pdf
bsb116,P27_Vol_4_BSBPA.pdf,Mountain Consolidated - North,P27,P27,4,1700 - 2200,Mountain Consolidated; Diamond; Green Mountain; Steward,P27 Vol. 4 Mountain Consolidated - North,"1600, 1700, 1800, 1900, 2000, 2100, 2200",Silver Bow,Butte,46.022304,-112.532457,Google Earth,Wgs84,,Anaconda Copper Mining Company,Butte Silver Bow Public Archives,03N,08W,12,application/pdf
bsb117,P27_Vol_5_BSBPA.pdf,Mountain Consolidated - North,P27,P27,5,2300 - 2800,Steward; Mountain Consolidated; Diamond,P27 Vol. 5 Mountain Consolidated - North,"2100, 2300, 2400, 2500, 2600, 2800",Silver Bow,Butte,46.022304,-112.532457,Google Earth,Wgs84,,Anaconda Copper Mining Company,Butte Silver Bow Public Archives,03N,08W,12,application/pdf
bsb118,P27_Vol_6_BSBPA.pdf,Mountain Consolidated - North,P27,P27,6,2900 - 3400,Mountain Consolidated,P27 Vol. 6 Mountain Consolidated - North,"2900, 3000, 3100, 3200, 3300, 3400",Silver Bow,Butte,46.022304,-112.532457,Google Earth,Wgs84,,Anaconda Copper Mining Company,Butte Silver Bow Public Archives,03N,08W,12,application/pdf
bsb119,P27_Vol_7_BSBPA.pdf,Mountain Consolidated - North,P27,P27,7,1700 - 2200,Mountain Consolidated; Diamond; Green Mountain; Steward,P27 Vol. 7 Mountain Consolidated - North,"1700, 1800, 1900, 2000, 2100, 2200",Silver Bow,Butte,46.022304,-112.532457,Google Earth,Wgs84,,Anaconda Copper Mining Company,Butte Silver Bow Public Archives,03N,08W,12,application/pdf
bsb120,P27_Vol_8_BSBPA.pdf,Mountain Consolidated - North,P27,P27,8,4200 - 4900,Mountain Consolidated; Diamond; Green Mountain; Steward,P27 Vol. 8 Mountain Consolidated - North,"4100, 4200, 4400, 4500, 4600, 4700, 4800",Silver Bow,Butte,46.022304,-112.532457,Google Earth,Wgs84,,Anaconda Copper Mining Company,Butte Silver Bow Public Archives,03N,08W,12,application/pdf
bsb121,P27_Vol_9_BSBPA.pdf,Mountain Consolidated - North,P27,P27,9,5100 - 5200,Mountain Consolidated; Diamond; Green Mountain; Steward,P27 Vol. 9 Mountain Consolidated - North,"5000, 5100, 5200",Silver Bow,Butte,46.022304,-112.532457,Google Earth,Wgs84,,Anaconda Copper Mining Company,Butte Silver Bow Public Archives,03N,08W,12,application/pdf
bsb122,P29_Vol_1_BSBPA.pdf,Diamond - North,P29,P29,1,100 - 6150,Diamond; Green Mountain; Wake Up Jim; West Gray Rock; Berkeley Pit,P29 Vol. 1 Diamond North,"100, 200, 300, 400, 500, 600, 700, 6150, 6100, 6033, 6000, 5967, 5900, 5833, 5767, 5733, 5700, 5633",Silver Bow,Butte,46.02224,-112.523875,Google Earth,Wgs84,,Anaconda Copper Mining Company,Butte Silver Bow Public Archives,03N,07W,7,application/pdf
bsb123,P29_Vol_2_BSBPA.pdf,Diamond - North,P29,P29,2,700 - 1200,Diamond; West Gray Rock; Wake Up Jim; Green Mountain; Berkeley Pit; High Ore,P29 Vol.2 Diamond North,"700, 800, 900, 1000, 1100, 1200",Silver Bow,Butte,46.02224,-112.52388,Google Earth,Wgs84,,Anaconda Copper Mining Company,Butte Silver Bow Public Archives,03N,07W,7,application/pdf
bsb124,P29_Vol_3_BSBPA.pdf,Diamond - North,P29,P29,3,1300 - 1700,Diamond; West Gray Rock; Green Mountain; High Ore,P29 Vol. 3 Diamond North,"1200, 1300, 1400, 1500, 1600, 1700, 1800",Silver Bow,Butte,46.02224,-112.52388,Google Earth,Wgs84,,Anaconda Copper Mining Company,Butte Silver Bow Public Archives,03N,07W,7,application/pdf
bsb125,P29_Vol_4_BSBPA.pdf,Diamond - North,P29,P29,4,1800 - 2200,Diamond; High Ore; West Gray Rock; Mountain Consolidated,P29 Vol. 4 Diamond North,"1800, 1900, 2000, 2100, 2200",Silver Bow,Butte,46.02224,-112.52388,Google Earth,Wgs84,,Anaconda Copper Mining Company,Butte Silver Bow Public Archives,03N,07W,7,application/pdf
bsb126,P29_Vol_5_BSBPA.pdf,Diamond - North,P29,P29,5,2300 - 2800,Diamond; Mountain Consolidated; High Ore,P29 Vol. 5 Diamond North,"2300, 2400, 2500, 2600, 2700, 2800",Silver Bow,Butte,46.02224,-112.52388,Google Earth,Wgs84,,Anaconda Copper Mining Company,Butte Silver Bow Public Archives,03N,07W,7,application/pdf
bsb127,P29_Vol_6_BSBPA.pdf,Diamond - North,P29,P29,6,2900 - 3400,Mountain Consolidated; High Ore; Steward; Speculator,P29 Vol. 6 Diamond North,"2900, 3000, 3100, 3200, 3300, 3400, 3500",Silver Bow,Butte,46.02224,-112.52388,Google Earth,Wgs84,,Anaconda Copper Mining Company,Butte Silver Bow Public Archives,03N,07W,7,application/pdf
bsb128,Q25_Vol_3_BSBPA.pdf,Ravin,Q25,Q25,3,1100 - 4200,Steward; Mountain Consolidated; Anselmo,Q25 Vol. 3 Ravin,"2800, 3200, 3400, 3600, 3800, 3900, 4000",Silver Bow,Butte,46.024511,-112.541272,Google Earth,Wgs84,,Anaconda Copper Mining Company,Butte Silver Bow Public Archives,03N,08W,12,application/pdf
bsb129,Q25_Vol_4_BSBPA.pdf,Ravin - North,Q25,Q25,4,4200 - 5100,Mountain Consolidated,Q25 Vol. 4 Ravin North,"4200, 4400, 4500, 4600, 4800, 5000, 5100",Silver Bow,Butte,46.024511,-112.541272,Google Earth,Wgs84,,Anaconda Copper Mining Company,Butte Silver Bow Public Archives,03N,08W,12,application/pdf
bsb130,Q27_Vol_3_BSBPA.pdf,Gray Rock - South,Q27,Q27,3,1300 - 1700,Mountain Consolidated; Gray Rock; Buffalo; East Gray Rock; Lexington; Diamond,Q27 Vol. 3 Gray Rock - South,"1100, 1200, 1300, 1400, 1500, 1600, 1700, 1800",Silver Bow,Butte,46.024511,-112.532457,Google Earth,Wgs84,,Anaconda Copper Mining Company,Butte Silver Bow Public Archives,03N,08W,12,application/pdf
bsb131,Q27_Vol_4_BSBPA.pdf,Gray Rock - South,Q27,Q27,4,1800 - 2200,Mountain Consolidated; Diamond; West Gray Rock,Q27 Vol. 4 Gray Rock - South,"1600, 1700, 1800, 1900, 2000, 2100, 2200",Silver Bow,Butte,46.024511,-112.532457,Google Earth,Wgs84,,Anaconda Copper Mining Company,Butte Silver Bow Public Archives,03N,08W,12,application/pdf
bsb132,Q27_Vol_5_BSBPA.pdf,Gray Rock - South,Q27,Q27,5,2300 - 2800,Mountain Consolidated; Diamond,Q27 Vol. 5 Gray Rock South,"2200, 2300, 2400, 2500, 2600, 2800",Silver Bow,Butte,46.024511,-112.532457,Google Earth,Wgs84,,Anaconda Copper Mining Company,Butte Silver Bow Public Archives,03N,08W,12,application/pdf
bsb133,Q27_Vol_6_BSBPA.pdf,Gray Rock - South,Q27,Q27,6,3000 - 3900,Mountain Consolidated; Diamond,Q27 Vol. 6 Gray Rock South,"3000, 3200, 3300, 3400, 3600, 3800, 3900",Silver Bow,Butte,46.024511,-112.532457,Google Earth,Wgs84,,Anaconda Copper Mining Company,Butte Silver Bow Public Archives,03N,08W,12,application/pdf
bsb134,Q27_Vol_7_BSBPA.pdf,Gray Rock - South,Q27,Q27,7,4000 - 4600,Mountain Consolidated,Q27 Vol. 7 Gray Rock South,"4000, 4100, 4200, 4400, 4500, 4600",Silver Bow,Butte,46.024511,-112.532457,Google Earth,Wgs84,,Anaconda Copper Mining Company,Butte Silver Bow Public Archives,03N,08W,12,application/pdf
bsb135,Q27_Vol_8_BSBPA.pdf,Gray Rock - South,Q27,Q27,8,4600 - 5200,Mountain Consolidated,Q27 Vol. 8 Gray Rock South,"4600, 4800, 5000, 5100, 5200",Silver Bow,Butte,46.024511,-112.532457,Google Earth,Wgs84,,Anaconda Copper Mining Company,Butte Silver Bow Public Archives,03N,08W,12,application/pdf
bsb136,Q29_Vol_2_NBM.pdf,Gray Rock,Q29,Q29,2,100 - 400,East Gray Rock; Diamond; Old Bell; Speculator; Wake Up Jim; Bell; Green Mountain; Berkeley Pit; West Gray Rock; Alice; Lexington,Q29 Vol. 2 Gray Rock,"100, 200, 300, 400",Silver Bow,Butte,46.024471,-112.52402,Google Earth,Wgs84,1897,Anaconda Copper Mining Company,New Butte Mining Company,03N,07W,7,application/pdf
bsb137,Q29_Vol_3_BSBPA.pdf,Gray Rock/Diamond - South,Q29,Q29,3,1300 - 1700,Gray Rock; Diamond; West Gray Rock; East Gray Rock; Green Mountain; High Ore,Q29 Vol. 3 Gray Rock/Diamond,"1300, 1400, 1500, 1600, 1700",Silver Bow,Butte,46.024519,-112.52399,Google Earth,Wgs84,,Anaconda Copper Mining Company,Butte Silver Bow Public Archives,03N,07W,7,application/pdf
bsb138,Q29_Vol_4_BSBPA.pdf,Gray Rock/Diamond - South,Q29,Q29,4,1800 - 2200,Gray Rock; Diamond; West Gray Rock; Green Mountain; Mountain Consolidated,Q29 Vol. 4 Gray Rock/Diamond South,"1800, 1900, 2000, 2100, 2200",Silver Bow,Butte,46.024519,-112.52399,Google Earth,Wgs84,,Anaconda Copper Mining Company,Butte Silver Bow Public Archives,03N,07W,7,application/pdf
bsb139,Q29_Vol_5_BSBPA.pdf,Gray Rock/Diamond - South,Q29,Q29,5,2300 - 2800,Gray Rock; Diamond; Mountain Consolidated,Q29 Vol. 5 Gray Rock/Diamond South,"2300, 2400, 2500, 2600, 2700, 2800",Silver Bow,Butte,46.024519,-112.52399,Google Earth,Wgs84,,Anaconda Copper Mining Company,Butte Silver Bow Public Archives,03N,07W,7,application/pdf
bsb140,Q29_Vol_6_BSBPA.pdf,Gray Rock/Diamond - South,Q29,Q29,6,2900 - 3400,Diamond; Speculator; Mountain Consolidated; Badger State,Q29 Vol. 6 Gray Rock/Diamond South,"3000, 3200, 3300, 3400",Silver Bow,Butte,46.024519,-112.52399,Google Earth,Wgs84,,Anaconda Copper Mining Company,Butte Silver Bow Public Archives,03N,07W,7,application/pdf
bsb141,Q29_Vol_7_BSBPA.pdf,Gray Rock/Diamond - South,Q29,Q29,7,3400 - 3900,Mountain Consolidated,Q29 Vol. 7 Gray Rock/Diamond South,"3400, 3600, 3900",Silver Bow,Butte,46.024519,-112.52399,Google Earth,Wgs84,,Anaconda Copper Mining Company,Butte Silver Bow Public Archives,03N,07W,7,application/pdf
bsb142,R27_Vol_1_NBM.pdf,Gray Rock,R27,R27,1,100 - 600,West Gray Rock; Sister; La Plata; Lexington; Corra; Josephine; Alice,R27 Vol. 1 Gray Rock,,Silver Bow,Butte,46.026706,-112.53262,Google Earth,Wgs84,1897,Anaconda Copper Mining Company,New Butte Mining Company,03N,08W,12,application/pdf
bsb143,R27_Vol_3_BSBPA.pdf,Gray Rock - North,R27,R27,3,1300 - 1700,Gray Rock; West Gray Rock; Corra; East Gray Rock,R27 Vol. 3 Gray Rock North,"1300, 1400, 1500, 1600, 1700",Silver Bow,Butte,46.026699,-112.53265,Google Earth,Wgs84,,Anaconda Copper Mining Company,Butte Silver Bow Public Archives,03N,07W,12,application/pdf
bsb144,R27_Vol_4_BSBPA.pdf,Gray Rock - North,R27,R27,4,1800 - 2200,Gray Rock; Corra; West Gray Rock; Diamond,R27 Vol. 4 Gray Rock North,"1800, 1400, 1500, 1600, 2200",Silver Bow,Butte,46.026699,-112.53265,Google Earth,Wgs84,,Anaconda Copper Mining Company,Butte Silver Bow Public Archives,03N,07W,12,application/pdf
bsb145,R27_Vol_5_BSBPA.pdf,Gray Rock - North,R27,R27,5,2300 - 2800,Gray Rock; Diamond; Mountain Consolidated; Lexington; Badger State,R27 Vol. 5 Gray Rock North,"2300, 1400, 1500, 1600, 2800",Silver Bow,Butte,46.026699,-112.53265,Google Earth,Wgs84,,Anaconda Copper Mining Company,Butte Silver Bow Public Archives,03N,07W,12,application/pdf
bsb146,R27_Vol_6_BSBPA.pdf,Gray Rock - North,R27,R27,6,3000 - 3700,Mountain Consolidated; Badger State,R27 Vol. 6 Gray Rock North,"3000, 3200, 3400, 3600, 3800",Silver Bow,Butte,46.026699,-112.53265,Google Earth,Wgs84,,Anaconda Copper Mining Company,Butte Silver Bow Public Archives,03N,07W,12,application/pdf
bsb147,R27_Vol_7_BSBPA.pdf,Gray Rock - North,R27,R27,7,3800 - 4200,Mountain Consolidated; Badger State,R27 Vol. 7 Gray Rock North,"3800, 3900, 4000, 4200",Silver Bow,Butte,46.026699,-112.53265,Google Earth,Wgs84,,Anaconda Copper Mining Company,Butte Silver Bow Public Archives,03N,07W,12,application/pdf
bsb148,R27_Vol_8_BSBPA.pdf,Gray Rock - North,R27,R27,8,4200 - 4800,Mountain Consolidated,R27 Vol. 8 Gray Rock North,"4400, 4500, 4600, 4800",Silver Bow,Butte,46.026699,-112.53265,Google Earth,Wgs84,,Anaconda Copper Mining Company,Butte Silver Bow Public Archives,03N,07W,12,application/pdf
bsb149,R29_Vol_3_BSBPA.pdf,Gray Rock/Diamond - North,R29,R29,3,1300 - 1700,Gray Rock; Diamond; Corra; West Gray Rock; East Gray Rock; Speculator,R29 Vol. 3 Gray Rock/Diamond North,"700, 800, 900, 1000, 1100, 1700",Silver Bow,Butte,46.026689,-112.524,Google Earth,Wgs84,,Anaconda Copper Mining Company,Butte Silver Bow Public Archives,03N,07W,7,application/pdf
bsb150,R29_Vol_4_BSBPA.pdf,Gray Rock/Diamond - North,R29,R29,4,1800 - 2200,Gray Rock; Diamond; Corra; West Gray Rock; Speculator,R29 Vol. 4 Gray Rock/Diamond North,"1800, 1900, 2000, 2100, 2200",Silver Bow,Butte,46.026689,-112.524,Google Earth,Wgs84,,Anaconda Copper Mining Company,Butte Silver Bow Public Archives,03N,07W,7,application/pdf
bsb151,R29_Vol_5_BSBPA.pdf,Diamond/Badger State/Mountain Consolidated,R29,R29,5,2300 - 2800,Diamond; Badger State; Mountain Consolidated; Speculator,R29 Vol. 5 Diamond/Badger State/Mountain Consolidated,"2300, 1900, 2000, 2100, 2800",Silver Bow,Butte,46.026689,-112.524,Google Earth,Wgs84,,Anaconda Copper Mining Company,Butte Silver Bow Public Archives,03N,07W,7,application/pdf
bsb152,R29_Vol_6_BSBPA.pdf,Gray Rock/Diamond,R29,R29,6,2900 - 3400,Badger State; Diamond; Speculator; Granite Mountain; Mountain Consolidated,R29 Vol. 6 Gray Rock/Diamond,"3000, 3200, 3400, 3600",Silver Bow,Butte,46.026689,-112.524,Google Earth,Wgs84,,Anaconda Copper Mining Company,Butte Silver Bow Public Archives,03N,07W,7,application/pdf
bsb153,R29_Vol_7_BSBPA.pdf,Badger State - South,R29,R29,7,3600 - 4500,Badger State; Speculator; Mountain Consolidated,R29 Vol. 7 Gray Rock/Diamond,"3600, 3800, 3900, 4100, 4500",Silver Bow,Butte,46.026689,-112.524,Google Earth,Wgs84,,Anaconda Copper Mining Company,Butte Silver Bow Public Archives,03N,07W,7,application/pdf
bsb154,S29_Vol_3_and_4_BSBPA.pdf,Badger State - South,S29,S29,3 and 4,1400 - 2200,Badger State; Corra; Diamond; Speculator,S29 Vol. 3-4 Badger State South,"1400, 1400, 1500, 1600, 2200",Silver Bow,Butte,46.028891,-112.523988,Google Earth,Wgs84,,Anaconda Copper Mining Company,Butte Silver Bow Public Archives,03N,07W,7,application/pdf
bsb155,S29_Vol_5_BSBPA.pdf,Badger State - South,S29,S29,5,2300 - 2800,Badger State; Diamond; Speculator,S29 Vol. 5 Badger State South,"2300, 1400, 1500, 1600, 2800",Silver Bow,Butte,46.028891,-112.523988,Google Earth,Wgs84,,Anaconda Copper Mining Company,Butte Silver Bow Public Archives,03N,07W,7,application/pdf
bsb156,S29_Vol_6_BSBPA.pdf,Badger State - Center,S29,S29,6,2900 - 3400,Badger State; Diamond; Speculator; Granite Mountain,S29 Vol. 6 Badger State Center,"2900, 1400, 1500, 1600, 3400",Silver Bow,Butte,46.028891,-112.523988,Google Earth,Wgs84,,Anaconda Copper Mining Company,Butte Silver Bow Public Archives,03N,07W,7,application/pdf
bsb157,S29_Vol_7_BSBPA.pdf,Badger State - Center,S29,S29,7,3500 - 4200,Badger State; Mountain Consolidated,S29 Vol. 7 Badger State Center,"3600, 3800, 3900, 4000, 4100",Silver Bow,Butte,46.028891,-112.523988,Google Earth,Wgs84,,Anaconda Copper Mining Company,Butte Silver Bow Public Archives,03N,07W,7,application/pdf
bsb158,S31_Vol_1_BSBPA.pdf,Badger State - Center,S31,S31,1,200 - 3600,Badger State; Gem; Granite Mountain; Speculator; Pilot Butte,S31 Vol. 1 Badger State Center,"200, 1400, 1500, 1600, 3600",Silver Bow,Butte,46.028887,-112.515328,Google Earth,Wgs84,,Anaconda Copper Mining Company,Butte Silver Bow Public Archives,03N,07W,7,application/pdf
bsb159,T29_Vol_2_BSBPA.pdf,Badger State - Center,T29,T29,2,700 - 1300,Emily; Pilot Butte; Badger State; Moose; Elm Orlu; Lexington,T29 Vol. 2 Badger State Center,"500, 700, 800, 900, 1000, 1100, 1200, 1300, 1400, 1600",Silver Bow,Butte,46.031079,-112.524007,Google Earth,Wgs84,,Anaconda Copper Mining Company,Butte Silver Bow Public Archives,03N,07W,7,application/pdf
bsb160,T29_Vol_3_BSBPA.pdf,Badger State - Center,T29,T29,3,1400 - 1800,Badger State; Pilot Butte; Elm Orlu; Poser,T29 Vol. 3 Badger State Center,"1400, 1400, 1500, 1600, 1800",Silver Bow,Butte,46.031079,-112.524007,Google Earth,Wgs84,,Anaconda Copper Mining Company,Butte Silver Bow Public Archives,03N,07W,7,application/pdf
bsb161,T29_Vol_4_BSBPA.pdf,Badger State - Center,T29,T29,4,1900 - 2200,Badger State; Elm Orlu; Pilot Butte,T29 Vol. 4 Badger State Center,"1900, 1400, 1500, 1600, 2200",Silver Bow,Butte,46.031079,-112.524007,Google Earth,Wgs84,,Anaconda Copper Mining Company,Butte Silver Bow Public Archives,03N,07W,7,application/pdf
bsb162,T29_Vol_5_BSBPA.pdf,Badger State - Center,T29,T29,5,2300 - 2800,Badger State; Pilot Butte; Elm Orlu,T29 Vol. 5 Badger State Center,"2300, 1400, 1500, 1600, 2800",Silver Bow,Butte,46.031079,-112.524007,Google Earth,Wgs84,,Anaconda Copper Mining Company,Butte Silver Bow Public Archives,03N,07W,7,application/pdf
bsb163,T29_Vol_6_BSBPA.pdf,Badger State - Center,T29,T29,6,2900 - 3400,Badger State; Elm Orlu,T29 Vol. 6 Badger State Center,"2900, 3000, 3200, 3400",Silver Bow,Butte,46.031079,-112.524007,Google Earth,Wgs84,,Anaconda Copper Mining Company,Butte Silver Bow Public Archives,03N,07W,7,application/pdf
bsb164,T29_Vol_7_BSBPA.pdf,Badger State - Center,T29,T29,7,3500 - 4200,Badger State,T29 Vol. 7 Badger State Center,"3500, 3600, 3900, 4100, 4200",Silver Bow,Butte,46.031079,-112.524007,Google Earth,Wgs84,,Anaconda Copper Mining Company,Butte Silver Bow Public Archives,03N,07W,7,application/pdf
bsb165,T31_Vol_3_and_4_BSBPA.pdf,Badger State,T31,T31,3 and 4,1400 - 2200,Badger State; Pilot Butte; Speculator; North Butte,T31 Vol. 3-4 Badger State,"1400, 1900, 2000, 2100, 2200",Silver Bow,Butte,46.031079,-112.515371,Google Earth,Wgs84,,Anaconda Copper Mining Company,Butte Silver Bow Public Archives,03N,07W,7,application/pdf
bsb166,T31_Vol_5_BSBPA.pdf,Badger State,T31,T31,5,2300 - 2800,Badger State; Pilot Butte; Speculator; Elm Orlu,T31 Vol. 5 Badger State,"2300, 1900, 2000, 2100, 2800",Silver Bow,Butte,46.031079,-112.515371,Google Earth,Wgs84,,Anaconda Copper Mining Company,Butte Silver Bow Public Archives,03N,07W,7,application/pdf
bsb167,U25_Vol_1_NBM.pdf,Alice,U25,U25,1,100 - 600,Alice; Moulton; Amy; Annear; Goldsmith; Holbrook; Non-Consolidated; Ivy; Lexington,U25 Vol. 1 Alice,,Silver Bow,Butte,46.033303,-112.54129,Google Earth,Wgs84,1890,Anaconda Copper Mining Company,New Butte Mining Company,03N,08W,1,application/pdf
bsb168,U25_Vol_2_NBM.pdf,Alice,U25,U25,2,700 - 1200,Alice; Lexington; Moulton; Goldsmith,U25 Vol. 2 Alice,,Silver Bow,Butte,46.033303,-112.54129,Google Earth,Wgs84,1897,Anaconda Copper Mining Company,New Butte Mining Company,03N,08W,1,application/pdf
bsb169,U27_Vol_1_NBM.pdf,Alice,U27,U27,1,100 - 600,Alice; Clark's Fraction; Ivy; Magna Charta; James; Magnolia; Peter; Moose; Murphy; Valdemere; Kelley-Bolton; Benich; Lexington,U27 Vol. 1 Alice,"100, 200, 300, 600",Silver Bow,Butte,46.033297,-112.53257,Google Earth,Wgs84,1890,Anaconda Copper Mining Company,New Butte Mining Company,03N,08W,1,application/pdf
bsb170,U29_Vol_2_BSBPA.pdf,Badger State - North,U29,U29,2,700 - 1300,Speculator; Black Rock; Pilot Butte; Elm Orlu; Moose; Poser,U29 Vol. 2 Badger State North,"400, 500, 600, 700, 800, 900, 1000, 1100, 1200, 1300, 1400, 1500, 1600",Silver Bow,Butte,46.03297,-112.524004,Google Earth,Wgs84,,Anaconda Copper Mining Company,Butte Silver Bow Public Archives,03N,07W,7,application/pdf
bsb171,U29_Vols_3_and_4_BSBPA.pdf,Badger State - North,U29,U29,3 and 4,1400 - 2200,Badger State; Black Rock; Elm Orlu; Poser; Pilot Butte,U29 Vol. 3-4 Badger State North,"1400, 1400, 1500, 1600, 2200",Silver Bow,Butte,46.03297,-112.524004,Google Earth,Wgs84,,Anaconda Copper Mining Company,Butte Silver Bow Public Archives,03N,07W,7,application/pdf
bsb172,U29_Vol_5_BSBPA.pdf,Badger State - North,U29,U29,5,2300 - 2800,Badger State; Poser; Pilot Butte; Elm Orlu,U29 Vol. 5 Badger State North,"2200, 2300, 2400, 2500, 2600, 2800",Silver Bow,Butte,46.03297,-112.524004,Google Earth,Wgs84,,Anaconda Copper Mining Company,Butte Silver Bow Public Archives,03N,07W,7,application/pdf
bsb173,U29_Vol_6_BSBPA.pdf,Badger State - North,U29,U29,6,2900 - 3700,Elm Orlu; Badger State,U29 Vol. 6 Badger State North,"3000, 3200, 3400, 3900",Silver Bow,Butte,46.03297,-112.524004,Google Earth,Wgs84,,Anaconda Copper Mining Company,Butte Silver Bow Public Archives,03N,07W,7,application/pdf
bsb174,U31_Vol_1_BSBPA.pdf,Elm Orlu,U31,U31,1,100 - 700,Wolvin Tunnel; Clark Tunnel; Elm Orlu; Dewey Tunnel; Black Rock; Mill Tunnel,U31 Vol. 1 Elm Orlu,"50, 147, 154, 200, 250, 300, 400, 450, 500, 600",Silver Bow,Butte,46.033277,-112.515334,Google Earth,Wgs84,,Anaconda Copper Mining Company,Butte Silver Bow Public Archives,03N,07W,7,application/pdf
bsb175,U31_Vol_2_BSBPA.pdf,Elm Orlu,U31,U31,2,800 - 1600,Elm Orlu; Black Rock; Badger State; Pilot Butte,U31 Vol. 2 Elm Orlu,"400, 450, 500, 600, 700, 800, 900, 1000, 1100, 1200, 1300, 1400, 1600 ",Silver Bow,Butte,46.033277,-112.515334,Google Earth,Wgs84,,Anaconda Copper Mining Company,Butte Silver Bow Public Archives,03N,07W,7,application/pdf
bsb176,U31_Vols_3_and_4_BSBPA.pdf,Elm Orlu,U31,U31,3 and 4,1400 - 2200,Pilot Butte; Elm Orlu; Badger State; Black Rock; Speculator,U31 Vol. 3-4 Elm Orlu,"1200, 1300, 1400, 1500, 1600, 1700, 1800, 1900, 2000, 2100, 2200, 2400",Silver Bow,Butte,46.033277,-112.515334,Google Earth,Wgs84,,Anaconda Copper Mining Company,Butte Silver Bow Public Archives,03N,07W,7,application/pdf
bsb177,U31_Vol_5_BSBPA.pdf,Elm Orlu,U31,U31,5,2300 - 2800,Elm Orlu; Pilot Butte; Black Rock; Speculator,U31 Vol. 5 Elm Orlu,"2300, 1900, 2000, 2100, 2800",Silver Bow,Butte,46.033277,-112.515334,Google Earth,Wgs84,,Anaconda Copper Mining Company,Butte Silver Bow Public Archives,03N,07W,7,application/pdf
bsb178,U31_Vol_6_BSBPA.pdf,Elm Orlu,U31,U31,6,2900 - 3700,Elm Orlu; Black Rock; Pilot Butte; Badger State,U31 Vol. 6 Elm Orlu,"2600, 2800, 3000, 3200, 3400, 3500, 3600, 3800",Silver Bow,Butte,46.033277,-112.515334,Google Earth,Wgs84,,Anaconda Copper Mining Company,Butte Silver Bow Public Archives,03N,07W,7,application/pdf
bsb179,V29_Vol_1_NBM.pdf,Elm Orlu,V29,V29,1,All Levels,Boston; Jersey Blue; Dewey; Pierce; Black Rock; Badger State; Elm Orlu,V29 Vol. 1 Elm Orlu,All Levels,Silver Bow,Butte,46.024491,-112.54991,Google Earth,Wgs84,1912,Anaconda Copper Mining Company,New Butte Mining Company,03N,07W,6,application/pdf
bsb180,V31_All_Levels_BSBPA.pdf,Black Rock,V31,V31,1,Surface - 3900,Clark Tunnel; Raymond Tunnel; Black Rock; Daylight Tunnel; Line; Niagra Tunnel; Mill Tunnel; Niagra; Badger State; Elm Orlu; Milwaukee,V31 Vol. 1 Black Rock,All Levels,Silver Bow,Butte,46.035422,-112.515195,Google Earth,Wgs84,,Anaconda Copper Mining Company,New Butte Mining Company,03N,07W,6,application/pdf
bsb181,V31_Vol_2_BSBPA.pdf,Black Rock,V31,V31,2,1200 - 1900,Black Rock; Badger State; Milwaukee; Elm Orlu,V31 Vol. 2 Black Rock,"1200, 1500, 1600, 1700, 1800, 1900, 2000",Silver Bow,Butte,46.035422,-112.515195,Google Earth,Wgs84,,Anaconda Copper Mining Company,New Butte Mining Company,03N,07W,6,application/pdf
bsb182,V31_Vol_3_BSBPA.pdf,Black Rock,V31,V31,3,2000 - 3900,Elm Orlu; Black Rock; Badger State,V31 Vol. 3 Black Rock,"2000, 2200, 2300, 2500, 2600, 2800, 3000, 3400, 3600, 33900",Silver Bow,Butte,46.035422,-112.515195,Google Earth,Wgs84,,Anaconda Copper Mining Company,New Butte Mining Company,03N,07W,6,application/pdf
