objectid	filename	agency	log no	company	title	state	county	area	subject	location	section	township	range	ground elevation (ft	total depth (ft)	spudded	completed	comments	geologic section	date	latitude	longitude	gemethod	datum	format
5	5_NGS_Photomicrolog_No_11_No_1_Beagle_Land.jpg	Northwest Geological Service	11	Sun Oil Co.	Beagle Land & Livestock Co. -1	Montana	Richland	North Sidney	Sun Oil Co.	NE SE SE	17	23N	59E	2151	13152	8-Nov-53	3-Jul-54	Salts Picked From Microlog	"Mississippian - Charles, Mission Canyon, Lodgepole"	Apr-58	45.7497	-104.1809	NRIS	NAD83	image/jpeg
6	6_NGS_Photomicrolog_No_14_Sun_No_1_Dynneson.jpg	Northwest Geological Service	14	Sun Oil Co.	C.J. Dynneson #1	Montana	Richland		Sun Oil Co.	C SW NE	32	24N	58E	2435	12671	12-Oct-52	18-Jul-53	Salt Interval Determined By Microlog.  Photo Enlargement X 10.	"Mississippian - Charles, Mission Canyon, Lodgepole"	May-58	47.79965	-104.30181	NRIS	NAD83	image/jpeg
7	7_NGS_Photomicrolog_No_17_Eramont_No_1_NP.jpg	Northwest Geological Service	17	Eramont Petroleum	N.P.R.R. #1	Montana	Richland	Enid	Eramont Petroleum	C SW NW	21	23N	54E	2660	11774	23-Nov-53	4-Apr-54	Salts Picked By Microlog.  Photo Enlargement X 10.	"Mississippian - Charles, Mission Canyon, Lodgepole"	Jun-58	47.74091	-104.80388	NRIS	NAD83	image/jpeg
8	8_NGS_Photomicrolog_No_23_Shell_No_22_Thru_29_Top_Of_Log_Only_Not_Complete.jpg	Northwest Geological Service	23	Shell Oil Co.	Etzel 22-29	Montana	Richland	Longrass	Shell Oil Co.	SW SE NW	29	26N	51E	2313	10128	25-Jun-52	1-Dec-52	"Salts Adjusted To Radioactivity Log Depths.  Photo Enlargement X 10.  Log Not Complete, Top Half Only"	"Mississippian - Charles, Mission Canyon, Lodgepole"	Aug-58	47.97806	-105.16897	NRIS	NAD83	image/jpeg
9	9_NGS_Photomicrolog__No_26_Murphy_No_1_East_Poplar_Unit.jpg	Northwest Geological Service	26	Murphy Corp.	East Poplar Unit #1	Montana	Roosevelt		Murphy Corp.	C SW NE	2	28N	51E	2111	9163	15-Sep-51	20-Feb-52	Salts Determined By Microlog.  Photo Enlargement X 10.	"Mississippian - Charles, Mission Canyon, Lodgepole"	Sep-58	48.21027	-105.09407	NRIS	NAD83	image/jpeg
10	10_NGS_Photomicrolog_No_28_Carter_Phillips_No_1_Mason.jpg	Northwest Geological Service	28	Carter Oil Co. - Phillips Petroleum Co.	Mason #1	Montana	Roosevelt	West Poplar	Carter Oil Co. - Phillips Petroleum Co.	NE NE	20	29N	50E	2364	8648	29-Nov-53	6-Mar-54	Salts Determined By Microlaterlog.  Photo Enlargement X 10.	"Mississippian - Charles, Mission Canyon, Lodgepole"	Oct-58	48.25748	-105.23788	NRIS	NAD83	image/jpeg
11	11_NGS_Photomicrolog_No_31_Phillips_No_1_Sethre_A.jpg	Northwest Geological Service	31	Phillips Petroleum Co.	"Sethre ""A"" #1"	Montana	Roosevelt	Tuk Creek	Phillips Petroleum Co.	SE SE	20	30N	48E	2605	9385	24-Dec-56	5-Apr-57	Photo Enlargement X 10.	"Mississippian - Charles, Mission Canyon, Lodgepole"	Nov-58	48.33238	-105.50223	NRIS	NAD83	image/jpeg
12	12_NGS_Photomicrolog_No_32_California_No_1_Elizabeth_Grimm.jpg	Northwest Geological Service	32	The California Co.	Elizabeth Grimm #1	Montana	Roosevelt	East Bredette	The California Co.	C NE SE	13	23N	49E	2422	9761	6-Jan-55	8-Jun-55	Photo Enlargement X 10.	"Mississippian - Charles, Mission Canyon, Lodgepole"	Jan-59	48.52454	-105.4118	NRIS	NAD83	image/jpeg
13	13_NGS_Photomicrolog_No_35_Pan_American_No_1_Godden.jpg	Northwest Geological Service	35	Pan American Petroleum Co.	Godden #1	Montana	Daniels		Pan American Petroleum Co.	C SE SE	5	33N	49E	2460	9556	17-Jun-57	31-Oct-57	I.P. 60 Bo  90  B.W.P.D.  Salt Intervals Determined By Microlaterolog.  Photo Enlargement X 10.	"Mississippian - Charles, Mission Canyon, Lodgepole"	Jan-59	48.24578	-105.23743	NRIS	NAD83	image/jpeg
14	14_NGS_Photomicrolog_No_38_Hunt_No_1_Hagan.jpg	Northwest Geological Service	38	Hunt Oil Co.	Hagen #1	Montana	Sheridan		Hunt Oil Co.	C NE NW	7	34N	52E	2519	10695	2-Sep-52	3-Nov-58	Completed In Outlook Pay.  Photo Enlargement X 10.	"Mississippian - Charles, Mission Canyon, Lodgepole"	Mar-59	48.72063	-104.96517	NRIS	NAD83	image/jpeg
15	15_NGS_Photomicrolog_No_44_Sun_East_Hansen_No_1.jpg	Northwest Geological Service	44	Sun Oil Co.	East Hansen #1	Montana	Sheridan		Sun Oil Co.	C NE NE	10	37N	57E	2264	10451	10-Nov-58	17-Jan-59	Photo Enlargement X 10.	"Mississippian - Charles, Mission Canyon, Lodgepole"	May-59	48.98096	-104.17952	NRIS	NAD83	image/jpeg
16	16_NGS_Photomicrolog_No_53_Phillips_Schultz_No_1_A.jpg	Northwest Geological Service	53	Phillips Petroleum Co.	"Schultz #1 ""A"""	Montana	Valley	Se Lustre	Phillips Petroleum Co.	SE NE	24	30N	45E	2745	9011	17-Feb-56	17-May-56	Photo Enlargement X 10.	"Mississippian - Charles, Mission Canyon, Lodgepole"	Aug-59	48.33996	-105.80738	NRIS	NAD83	image/jpeg
17	17_NGS_Photomicrolog_No_56_Murphy_Firemoon_No_1.jpg	Northwest Geological Service	56	Murphy Corp.	Firemoon #1	Montana	Valley	E. Porcupine Creek	Murphy Corp.	C SE SE	12	30N	41E	2733	8247	15-Nov-53	11-Mar-54	Photo Enlargement X 10.	"Mississippian - Charles, Mission Canyon, Lodgepole"	Sep-59	48.36576	-106.32782	NRIS	NAD83	image/jpeg
18	18_NGS_Photomicrolog_No_57_Continental_Fast_No_1.jpg	Northwest Geological Service	57	Continental Oil Co.	Fast #1	Montana	Roosevelt		Continental Oil Co.	C NE SE	14	30N	46E	2717	6448	19-Oct-52	15-Dec-52	I.P. - 220 Bopd (32°)	"Mississippian - Charles, Mission Canyon, Lodgepole"	Sep-59	48.35257	-105.70046	NRIS	NAD83	image/jpeg
19	19_NGS_Photomicrolog_No_59_Amerada_Belzer_No_1.jpg	Northwest Geological Service	59	Amerada Petroleum Corp.	Belzer #1	Montana	Valley		Amerada Petroleum Corp.	C NE SE	29	29N	40E	2347	6097	21-Jul-55	31-Aug-55	Photo Enlargement X 10.	"Mississippian - Charles, Mission Canyon, Lodgepole"	Oct-59	48.23955	-106.54375	NRIS	NAD83	image/jpeg
20	20_NGS_Photomicrolog_No_60_Harrison_&_Ambercrombie_Government_No_2.jpg	Northwest Geological Service	60	Harrison & Abercombie	Government #2	Montana	Valley		Harrison & Abercombie	LOT 1	19	25N	35E	2885.08	7218	5-Sep-53	27-Oct-53	Photo Enlargement X 10.	"Mississippian - Mission Canyon, Lodgepole"	Oct-59	47.91228	-107.27336	NRIS	NAD83	image/jpeg
21	21_NGS_Photomicrolog_No_62_Burt_Fields_Figmaka_No_1.jpg	Northwest Geological Service	62	Burt Fields	Figmaka #1	Montana	Valley		Burt Fields	C SW NE	14	27N	39E	2344	7496	20-Jul-54	5-Sep-54	Photo Enlargement X 10.	"Mississippian - Charles, Mission Canyon, Lodgepole"	Nov-59	48.09656	-106.64958	NRIS	NAD83	image/jpeg
22	22_NGS_Photomicrolog_No_65_Seaboard_Loberg_No_1.jpg	Northwest Geological Service	65	Seaboard Oil Co. - Honolulu Oil Co.	Loberg #1	Montana	Valley	Hinsdale	Seaboard Oil Co. - Honolulu Oil Co.	C SE NE	26	30N	36E	2470	7769	3-Jan-56	5-Apr-56	Photo Enlargement X 10.	"Mississippian - Mission Canyon, Lodgepole"	Dec-59	48.33073	-106.99962	NRIS	NAD83	image/jpeg
23	23_NGS_Photomicrolog_No_66_Plymouth_Government_No_1.jpg	Northwest Geological Service	66	Plymouth Oil Co.	Gov'T #1-20	Montana	Valley		Plymouth Oil Co.	C SE NE	20	26N	39E	2184	7450	25-Sep-54	12-Nov-54	Photo Enlargement X 10.	"Mississippian - Charles, Mission Canyon, Lodgepole"	Dec-59	47.99484	-106.70785	NRIS	NAD83	image/jpeg
24	24_NGS_Photomicrolog_No_70_Continental_1_Unit_South_Zortman.jpg	Northwest Geological Service	70	Continental Oil Co.	1 Unit (S. Zortman)	Montana	Phillips		Continental Oil Co.	SE SE NW	29	23N	26E	3062	6476	30-Sep-52	29-Nov-52	Photo Enlargement X 10.	"Mississippian - Mission Canyon, Lodgepole"	Jan-60	47.727713	-108.40982	NRIS	NAD83	image/jpeg
25	25_NGS_Photomicrolog_No_72_Sinclair_Iron_Bear_No_1.jpg	Northwest Geological Service	72	Sinclair Oil & Gas Co.	#1 Iron Bear	Montana	Roosevelt		Sinclair Oil & Gas Co.	C NW SE	14	30N	49E	2543	6870	5-Jun-54	26-Jul-54	Photo Enlargement X 10.	"Mississippian - Charles, Mission Canyon"	Feb-60	48.35177	-105.30926	NRIS	NAD83	image/jpeg
26	26_NGS_Photomicrolog_No_73_Dekalb_Northern_Government_No_1.jpg	Northwest Geological Service	73	Dekalb - Northern Oil Division	#1 Government	Montana	Phillips	Telegraph Creek	Dekalb - Northern Oil Division	C SE SE	2	23N	31E	2552	2563	4-Oct-54	12-Nov-54	Photo Enlargement X 10.	"Mississippian - Mission Canyon, Lodgepole"	Feb-60	47.77891	-107.69356	NRIS	NAD83	image/jpeg
27	27_NGS_Photomicrolog_No_74_Bay_Houston_Waskie_No_1.jpg	Northwest Geological Service	74	Bay Houston Towing Company	#1 Waskie	Montana	Chouteau		Bay Houston Towing Company	SE SE	12	24N	15E	3316	4959	19-Aug-59	8-Sep-59	Photo Enlargement X 10.	"Mississippian - Mission Canyon, Lodgepole"	Mar-60	47.85968	-109.73123	NRIS	NAD83	image/jpeg
28	28_NGS_Photomicrolog_No_79_Gulf_No_1_Nelson.jpg	Northwest Geological Service	79	Gulf Oil Corp.	#1 Nelson	Montana	Chouteau		Gulf Oil Corp.	C SE NE	12	24N	6E	3033	3740	4-Sep-57	27-Sep-57	Photo Enlargement X 10.	"Mississippian - Charles, Mission Canyon, Lodgepole"	Apr-60	47.85283	-110.89854	NRIS	NAD83	image/jpeg
29	29_NGS_Photomicrolog_No_80_Dekalb_No_1_Lippard.jpg	Northwest Geological Service	80	Dekalb Northern Oil Division	#1 Lippard	Montana	Chouteau	Loma	Dekalb Northern Oil Division	NE SW SE	22	26N	10E	2923	2110	3-Dec-55	14-Dec-55	Photo Enlargement X 10.	"Mississippian - Mission Canyon, Lodgepole"	Apr-60	47.98961	-110.42556	NRIS	NAD83	image/jpeg
30	30_NGS_Photomicrolog_No_81_General_88_30_P.jpg	Northwest Geological Service	81	General Petroleum Corp.	#88-30-P	Montana	Teton		General Petroleum Corp.	SE SE SE	30	25N	1W	2585	4161	1-Sep-50	22-Oct-50	Photo Enlargement X 10.	"Mississippian - Sun River, Mission Canyon, Lodgepole"	May-60	47.88379	-111.77644	NRIS	NAD83	image/jpeg
31	31_NGS_Photomicrolog_No_85_Continental_No_1_State.jpg	Northwest Geological Service	85	Continental Oil Co.	#1 State	Montana	Teton	Scapegoat-Bannatyne	Continental Oil Co.	NW NW NW	2	25N	1E	3434	3640	11-May-59	23-Jun-59	Photo Enlargement X 10.	"Mississippian - Sun River, Mission Canyon, Lodgepole"	May-60	47.95713	-111.57959	NRIS	NAD83	image/jpeg
32	32_NGS_Photomicrolog_No_88_Mule_No_1_Government.jpg	Northwest Geological Service	88	Mule Creek Oil Co.	#1 Government	Montana	Blaine	Cow Creek	Mule Creek Oil Co.	C NE SW	23	26N	20E	3454	6025	31-Jul-56	15-Sep-56	Photo Enlargement X 10.	"Mississippian - Mission Canyon, Lodgepole"	Jun-60	47.99204	-109.11684	NRIS	NAD83	image/jpeg
33	33_NGS_Photomicrolog_No_89_British_American_No_1_Swenson.jpg	Northwest Geological Service	89	British - American Producing Co.	#1 Swenson	Montana	Teton		British - American Producing Co.	SE NE SE	7	24N	2W	3788	3652	14-May-49	30-Jul-49	Photo Enlargement X 10.	"Mississippian - Sun River, Mission Canyon, Lodgepole"	Jul-60	47.84843	-111.90563	NRIS	NAD83	image/jpeg
34	34_NGS_Photomicrolog_No_90_Shell_No_1_Kubesh_41_26.jpg	Northwest Geological Service	90	Utah Southern Oil Company	#3 Maxwell	Montana	Chouteau		Utah Southern Oil Company	SE SW SE	21	27N	13E	3043	3770	21-Aug-53	10-Sep-53	Sample Total Depth 3670'.  Photo Enlargement X 10.	"Mississippian - Mission Canyon, Lodgepole"	Jul-60	48.07573	-110.05989	NRIS	NAD83	image/jpeg
35	35_NGS_Photomicrolog_No_95_Continental_No_1_State_14.jpg	Northwest Geological Service	95	Continental Oil Co.	#1 State 14	Montana	Teton	Eureka Lake	Continental Oil Co.	C NE NE NE	14	25N	6W	4331	5193	5-Oct-53	21-Nov-53	Photo Enlargement X 10.	"Mississippian - Sun River, Mission Canyon, Lodgepole"	Aug-60	47.9266	-112.33275	NRIS	NAD83	image/jpeg
36	36_NGS_Photomicrolog_No_96_Gulf_Stanolid_No_1_Teton_Knowlton.jpg	Northwest Geological Service	96	Gulf Oil Corp. & Stanolind Gas & Oil Co.	#1 Teton - Knowlton	Montana	Teton		Gulf Oil Corp. & Stanolind Gas & Oil Co.	C SE NW	8	26N	8W	5018	7850	10-May-56	28-Aug-56	Photo Enlargement X 10.	"Mississippian - Sun River, Mission Canyon, Lodgepole"	Sep-56	48.02472	-112.66827	NRIS	NAD83	image/jpeg
37	37_NGS_Photomicrolog_No_99_Stanolid_No_1_N_P_R_R_E.jpg	Northwest Geological Service	99	Stanolind Oil & Gas Co.	"#1 N.P.R.R. ""E"""	Montana	Dawson		Stanolind Oil & Gas Co.	S NE SE	21	20N	52E	2888	11418	10-Oct-53	16-Apr-54	Photo Enlargement X 10.	"Mississippian - Charles, Mission Canyon, Lodgepole"	Oct-60	47.47803	-105.0899	NRIS	NAD83	image/jpeg
38	38_NGS_Photomicrolog_No_103_General_No_8_11P_Kaun.jpg	Northwest Geological Service	103	General Petroleum Co.	#8-11P Kaun	Montana	Choteau		General Petroleum Co.	SE SE SE	11	27N	3E	3265	4235	17-Nov-50	1-Jan-51	Photo Enlargement X 10.	"Mississippian - Mission Canyon, Lodgepole"	Nov-60	48.10438	-111.30303	NRIS	NAD83	image/jpeg
39	39_NGS_Photomicrolog_No_105_Shell_No1_Kubesh_41_26.jpg	Northwest Geological Service	105	Shell Oil Company	#1 Kubesh 41-26	Montana	Dawson		Shell Oil Company	C NE NE	26	18N	53E	2651	10695	19-Aug-58	15-Oct-58	Photo Enlargement X 10.	"Mississippian - Charles, Mission Canyon, Lodgepole"	Nov-60	48.15645	-104.82908	NRIS	NAD83	image/jpeg
41	41_NGS_Photomicrolog_No_106_Shell_No24_17_Kolberg.jpg	Northwest Geological Service	106	Shell Oil Company	#24-17 Kolberg	Montana	Dawson		Shell Oil Company	S SE SW	17	19N	53E	2705	11000	23-Sep-56	8-Jan-56	Photo Enlargement X 10.	"Mississippian - Charles, Mission Canyon, Lodgepole"	Dec-60	47.3999	-104.99504	NRIS	NAD83	image/jpeg
42	42_NGS_Photomicrolog_No_111_Gulf_No_1_Schwarz.jpg	Northwest Geological Service	111	Gulf Oil Company	1 Schwarz	Montana	Dawson		Gulf Oil Company	C SE NE	3	17N	52E	2613	10624	13-Jan-55	5-Apr-55	Photo Enlargement X 10.	"Mississippian - Charles, Mission Canyon, Lodgepole"	Jan-61	47.26242	-105.06853	NRIS	NAD83	image/jpeg
43	43_NGS_Photomicrolog_No_112_Texas_No_1_Npg_Nct_1.jpg	Northwest Geological Service	112	The Texas Co.	#1 N.P.G. N.C.T.-1	Montana	Dawson		The Texas Co.	C NW NW	21	16N	54E	2376	10190	12-Feb-52	18-Jul-52	Photo Enlargement X 10.	"Mississippian - Charles, Mission Canyon, Lodgepole"	Jan-61	47.12906	-104.89828	NRIS	NAD83	image/jpeg
44	44_NGS_Photomicrolog_No_115_Texas_Np_G_No_1.jpg	Northwest Geological Service	115	The Texas Co.	"N.P. ""G"" #1"	Montana	Dawson	Cedar Creek	The Texas Co.	C NE NE	35	15N	54E	2328	9079	13-Jul-51	28-Dec-51	Photo Enlargement X 10.	"Mississippian - Charles, Mission Canyon, Lodgepole"	Jan-61	47.01837	-104.83772	NRIS	NAD83	image/jpeg
45	45_NGS_Photomicrolog_No_116_Panamerican_1_Np_P.jpg	Northwest Geological Service	116	Pan American Petroleum Corp. & Amerada Petroleum Co.	1 Np-P	Montana	Dawson		Pan American Petroleum Corp. & Amerada Petroleum Co.	W/2 SW SW	31	19N	51E	2996	10863	24-Mar-58	22-May-58	Photo Enlargement X 10.	"Mississippian - Charles, Mission Canyon, Lodgepole"	Mar-61	47.35963	-105.27923	NRIS	NAD83	image/jpeg
46	46_NGS_Photomicrolog_No_117_Texas_1_Macioroski.jpg	Northwest Geological Service	117	The Texas Company	1 Macioroski	Montana	Prarie		The Texas Company	C NW SW	23	16N	50E	3065	10761	8-Jan-52	16-Jul-52	Photo Enlargement X 10.	"Mississippian - Charles, Mission Canyon, Lodgepole"	Mar-61	47.12799	-105.3647	NRIS	NAD83	image/jpeg
47	47_NGS_Photomicrolog_No_119_Ohio_1_Govt_Cranston.jpg	Northwest Geological Service	119	Ohio Oil Co.	1 Govt-Cranston	Montana	Prarie	Sheep Mountain	Ohio Oil Co.	SW SW	33	12N	49E	2509	9100	20-Sep-59	3-Nov-59	Photo Enlargement X 10.	"Mississippian - Charles, Mission Canyon, Lodgepole"	Apr-61	46.74658	-105.57366	NRIS	NAD83	image/jpeg
49	49_NGS_Photomicrolog_No_124_Philips_Ameranda_1_Nprr.jpg	Northwest Geological Service	124	Phillips Petroleum Co. & Amerada Petroleum Corp.	1 N.P.R.R.	Montana	Prarie	Whitney	Phillips Petroleum Co. & Amerada Petroleum Corp.	C NW NE	33	12N	53E	2646	10263	1-Nov-53	14-Feb-54	Photo Enlargement X 10.	"Mississippian - Charles, Mission Canyon, Lodgepole"	May-61	46.75878	-105.05436	NRIS	NAD83	image/jpeg
50	50_NGS_Photomicrolog_No_125_Shell_1_Govt_0451_Pine_Unit.jpg	Northwest Geological Service	125	Shell Oil Co.	1 Gov'T 0451 (Pine Unit)	Montana	Wibaux	Pine	Shell Oil Co.	SW SW NE	30	12N	57E	2719	9746	8-Jul-51	29-Jan-52	"I.P.P. 276 B.O.P.D. (Ord., 8912' - 8956').  Photo Enlargement X 10."	"Mississippian - Charles, Mission Canyon, Lodgepole"	Jun-61	46.76637	-104.59461	NRIS	NAD83	image/jpeg
51	51_NGS_Photomicrolog_No_129_Shell_43_22_A_Unit.jpg	Northwest Geological Service	129	Shell Oil Co.	43-22 A Unit	Montana	Wibaux	Pine	Shell Oil Co.	C NE SE	22	11N	57E	2628	10325	11-May-55	26-Jul-55	I.P. 253 B.O.P.D. (Silurian & Ordovician).  Photo Enlargement X 10.	"Mississippian - Charles, Mission Canyon, Lodgepole"	Jul-61	46.69049	-104.52649	NRIS	NAD83	image/jpeg
52	52_NGS_Photomicrolog_No_130_Stanolid_Amerada_1_State.jpg	Northwest Geological Service	130	Stanolid Oil & Gas Co. - Amerada Petroleum Corp.	1 State	Montana	Mccone		Stanolid Oil & Gas Co. - Amerada Petroleum Corp.	C NW SE	36	18N	49E	3136	10781	4-Apr-53	1-Jul-53	Photo Enlargement X 10.	"Mississippian - Charles, Mission Canyon, Lodgepole"	Jul-61	47.27404	-105.41409	NRIS	NAD83	image/jpeg
53	53_NGS_Photomicrolog_No_132_Shell_22_33_Unit.jpg	Northwest Geological Service	132	Shell Oil Company	22-33 Unit	Montana	Fallon		Shell Oil Company	NW SE NW	33	10N	58E	2911	9412	12-Jan-53	19-May-53	"244 B.O.P.D. (Ordovivian), Photo Enlargement X 10."	"Mississippian - Charles, Mission Canyon, Lodgepole"	Aug-61	47.27404	-105.41409	NRIS	NAD83	image/jpeg
54	54_NGS_Photomicrolog_No_100_Williston_Basin_No_1_Thunderbird.jpg	Northwest Geological Service	100	Williston Basin Exploration Co.	#1 Thunderbird	Montana	Phillips		Williston Basin Exploration Co.	C NW NW	4	23N	30E	2500	4292	12-Aug-53	8-Sep-52	Photo Enlargement X 10.	Mississippian -  Mission Canyon	Oct-60	47.79018	-107.8819	NRIS	NAD83	image/jpeg
55	55_NGS_Photomicrolog_No_136_California_1_Pennel_Unit.jpg	Northwest Geological Service	136	The California Company	1 Pennel Unit	Montana	Fallon		The California Company	C SE NW	15	10N	56E	2880	10674	24-Aug-54	24-Aug-54	Photo Enlargement X 10.	"Mississippian - Charles, Mission Canyon, Lodgepole"	Sep-61	46.62143	-104.66286	NRIS	NAD83	image/jpeg
56	56_NGS_Photomicrolog_No_137_Hl_Hunt_Jr_1_Nprr.jpg	Northwest Geological Service	137	H.L. Hunt Jr.	1 N.P.R.R.	Montana	Dawson		H.L. Hunt Jr.	C NW NE	25	15N	55E	2485	10233	19-Jun-60	7-Nov-60	Photo Enlargement X 10.	"Mississippian - Charles, Mission Canyon, Lodgepole"	Sep-61	47.03282	-104.69764	NRIS	NAD83	image/jpeg
57	57_NGS_Photomicrolog_No_142_Shell_1_Little_Beaver.jpg	Northwest Geological Service	142	Shell Oil Company	1 Little Beaver	Montana	Fallon		Shell Oil Company	C NE SW	13	4N	61E	3090	8559	3-Mar-52	13-Jun-52	"I.P.P. 282 B.F.P.D (253 B.O.), 10.6% Cut, 30° A.P.I. (Ordovician, 8313-23, 8337-55, 8474-8525).  Photo Enlargement X 10."	"Mississippian - Charles, Mission Canyon, Lodgepole"	Nov-61	46.10324	-104.09326	NRIS	NAD83	image/jpeg
58	58_NGS_Photomicrolog_No_143_Shell_Northern_Pacific_12_23_Np.jpg	Northwest Geological Service	143	Shell Oil Company - Northern Pacific	12-23 N.P.	Montana	Fallon		Shell Oil Company - Northern Pacific	C SW NW	23	9N	58E	2958	9175	20-Sep-58	18-Nov-58	"I.P.P. 218 B.O., 13 B.W.P.D., 30.8° Gravity (8400-8506', Interlake).  Photo Enlargement X 10."	"Mississippian - Charles, Mission Canyon, Lodgepole"	Nov-61	46.51998	-104.39363	NRIS	NAD83	image/jpeg
59	59_NGS_Photomicrolog_No_145_33_22_Coral_Creek.jpg	Northwest Geological Service	145	Shell Oil Company	33-22 Coral Creek	Montana	Fallon		Shell Oil Company	C NW SE	22	6N	60E	3082	9190	11-May-54	30-Jun-54	Photo Enlargement X 10.	"Mississippian - Charles, Mission Canyon, Lodgepole"	Dec-61	46.25783	-104.1861	NRIS	NAD83	image/jpeg
60	60_NGS_Photomicrolog_No_150_Ec_Johnston_1_Np.jpg	Northwest Geological Service	150	E.C. Johnston Co.	1 N.P.	Montana	Fallon		E.C. Johnston Co.	NE SW SW	19	8N	61E	3132	9515	3-Jun-55	22-Jul-55	Photo Enlargement X 10.	"Mississippian - Charles, Mission Canyon, Lodgepole"	Jan-62	46.42641	-104.1501	NRIS	NAD83	image/jpeg
61	61_NGS_Photomicrolog_No_153_Texas_1_Npg_Nct_3.jpg	Northwest Geological Service	153	The Texas Company	1 N.P.G. N.C.T.-3	Montana	Dawson		The Texas Company	C NE SE	19	17N	53E	2656	10895	20-Apr-52	20-Sep-52	Photo Enlargement X 10.	"Mississippian - Charles, Mission Canyon, Lodgepole"	Feb-62	47.21579	-105.0052	NRIS	NAD83	image/jpeg
62	62_NGS_Photomicrolog_No_158_Carter_1_Traweek.jpg	Northwest Geological Service	158	Carter Oil Company	1 Traweek	Montana	Carter	Webster	Carter Oil Company	C NE NE	6	2N	61E	3160	10143	21-Jun-53	22-Sep-53	Photo Enlargement X 10.	"Mississippian - Charles, Mission Canyon, Lodgepole"	Mar-62	45.96759	-104.17828	NRIS	NAD83	image/jpeg
63	63_NGS_Photomicrolog_No_160_Texas_1_Npg_Nct_7.jpg	Northwest Geological Service	160	The Texas Company	1 N.P.G. - N.C.T. -7	Montana	Dawson	Cedar Creek	The Texas Company	C SE SE	19	14N	55E	2341	10805	20-Apr-52	30-Oct-52	Photo Enlargement X 10.	"Mississippian - Charles, Mission Canyon, Lodgepole"	Apr-62	46.94892	-104.79607	NRIS	NAD83	image/jpeg
64	64_NGS_Photomicrolog_No_161_Mcalester_Goldston_1_Anp.jpg	Northwest Geological Service	161	Mcalester Fuel & Goldston Oil	1-A N.P.	Montana	Fallon	Fertile Prarie	Mcalester Fuel & Goldston Oil	C NW NE	19	7N	61E	3076	9681	25-Nov-54	26-Mar-56	I.P.P 166 B.O. In 14 Hrs. (Redriver).  Casings Failed.  Abandoned.  Photo Enlargement X 10.	"Mississippian - Charles, Mission Canyon, Lodgepole"	Apr-62	46.35307	-104.12328	NRIS	NAD83	image/jpeg
65	65_NGS_Photomicrolog_No_163_Jake_Nichols_Great_Northern_1_Glein.jpg	Northwest Geological Service	163	Jake Nichols - Great Northern	1 Glein	Montana	Sheridan		Jake Nichols - Great Northern	C NE NE	13	31N	58E	2280	8414	20-Apr-61	13-May-61	Photo Enlargement X 10.	"Mississippian - Charles, Mission Canyon, Lodgepole"	May-62	48.44611	-104.11155	NRIS	NAD83	image/jpeg
66	66_NGS_Photomicrolog_No_164_Signal_1_Nustad.jpg	Northwest Geological Service	164	Signal Drilling & Exploration Co.	1 Nustad	Montana	Sheridan		Signal Drilling & Exploration Co.	C NW NW	26	33N	57E	2044	7671	5-Nov-60	24-Nov-60	Photo Enlargement X 10.	"Mississippian - Charles, Mission Canyon"	May-62	48.59084	-104.22944	NRIS	NAD83	image/jpeg
67	67_NGS_Photomicrolog_No_165_Signal_1_Delonais.jpg	Northwest Geological Service	165	Signal Drilling & Exploration Co.	1 Delonais	Montana	Sheridan	Dwyer	Signal Drilling & Exploration Co.	C SE NE	19	32N	59E	2008	7975	1-Nov-61	29-Nov-61	"I.P.F. 414 B.O.P.D., 5% B.S.&W.  Photo Enlargement X 10."	"Mississippian - Charles, Mission Canyon"	May-62	48.51424	-104.08771	NRIS	NAD83	image/jpeg
68	68_NGS_Photomicrolog_No_168_Ohio_1_Ole_Roget.jpg	Northwest Geological Service	168	Ohio Oil Co.	1 Ole Roget	Montana	Fallon	Willard	Ohio Oil Co.	C NW NE	19	5N	59E	3236	10375	26-Jun-56	2-Sep-56	Photo Enlargement X 10.	"Mississippian - Charles, Mission Canyon, Lodgepole"	Jun-62	46.17768	-104.37252	NRIS	NAD83	image/jpeg
69	69_NGS_Photomicrolog_No_171_Fr_Anderson_Bohle_41_20.jpg	Northwest Geological Service	171	F.R. Anderson	Bohle 41-20	Montana	Fallon	Hay	F.R. Anderson	C NE NE	20	7N	57E	2868	9512	26-Sep-53	18-Feb-54	Photo Enlargement X 10.	"Mississippian - Charles, Mission Canyon, Lodgepole"	Jul-62	46.35515	-104.61629	NRIS	NAD83	image/jpeg
70	70_NGS_Photomicrolog_No_172_Calvert_Hunt_1_Seggaard.jpg	Northwest Geological Service	172	Calvert Exploration - Hunt Oil Co.	1 Seggaard	Montana	Sheridan		Calvert Exploration - Hunt Oil Co.	SE SE	2	32N	58E	1991	8060	3-Apr-61	27-Apr-61	Photo Enlargement X 10.	"Mississippian - Charles, Mission Canyon"	Jul-62	48.5504	-104.13299	NRIS	NAD83	image/jpeg
71	71_NGS_Photomicrolog_No_172a_Calvert_Hunt_No_1_Seggaard.jpg	Northwest Geological Service	172-A	Calvert Exploration - Hunt Oil Co.	#1 Seggaard	Montana	Sheridan		Calvert Exploration - Hunt Oil Co.	SE SE	2	32N	58E	1982	8060	3-Apr-61	27-Apr-61	Photo Enlargement X 10.	"Mississippian - Charles, Mission Canyon"	Jun-64	48.5504	-104.13299	NRIS	NAD83	image/jpeg
72	72_NGS_Photomicrolog_No_174_Lion_Knight_No_1.jpg	Northwest Geological Service	174	Lion Oil Co.	Knight #1	Montana	Wibaux		Lion Oil Co.	C SW NW	29	14N	60E	2765	11153	18-Oct-53	30-Apr-54	Photo Enlargement X 10.	"Mississippian - Charles, Mission Canyon"	Aug-62	46.94192	-104.15467	NRIS	NAD83	image/jpeg
73	73_NGS_Photomicrolog_No_177_Texas_Mobil_No_1_Brekke.jpg	Northwest Geological Service	177	Texas Co. - Mobil Prod. Co.	#1 Breeke	Montana	Sheridan		Texas Co. - Mobil Prod. Co.	C NW NE	5	33N	56E	2229	11150	15-Jun-57	7-Sep-57	Photo Enlargement X 10.	"Mississippian - Charles, Mission Canyon"	Sep-62	48.64745	-104.41385	NRIS	NAD83	image/jpeg
74	74_NGS_Photomicrolog_No_178_Signal_1_Petersen.jpg	Northwest Geological Service	178	Signal Drilling & Exploration - Caltana	1 Petersen	Montana	Sheridan	Onstad	Signal Drilling & Exploration - Caltana	C SE NW	32	35N	58E	2144	7200	31-Oct-61	16-Nov-61	Photo Enlargement X 10.	"Mississippian - Charles, Mission Canyon"	Sep-62	48.74613	-104.15902	NRIS	NAD83	image/jpeg
75	75_NGS_Photomicrolog_No_181_Williston_No_1_Shepard_Deardorf.jpg	Northwest Geological Service	181	Williston Pioneer Oil Co.	#1 Shepard - Deardorf	Montana	Sheridan		Williston Pioneer Oil Co.	C NW SE	13	35N	55E	2394	8720	18-Nov-52	28-Feb-53	Photo Enlargement X 10. (See Note In Descriptions)	Mississippian - Ratcliffe Zone	Jun-63	48.78577	-104.45763	NRIS	NAD83	image/jpeg
76	76_NGS_Photomicrolog_No_182_Texas_Mcnulty_No_1.jpg	Northwest Geological Service	182	The Texas Company	Mcnulty #1	Montana	Sheridan		The Texas Company	C NE SW	27	35N	54E	2196	7290	14-Sep-56	2-Nov-56	Photo Enlargement X 10.	"Mississippian - Charles, Mission Canyon"	Oct-62	48.75703	-104.63782	NRIS	NAD83	image/jpeg
77	77_NGS_Photomicrolog_No_187_Texas_1_Haaven.jpg	Northwest Geological Service	187	The Texas Company	#1 Haaven	Montana	Sheridan		The Texas Company	SE NE	26	34N	58E	2074	7446	11-Mar-61	26-Mar-61	Photo Enlargement X 10.	"Mississippian - Charles, Mission Canyon"	Nov-62	47.81813	-104.23511	NRIS	NAD83	image/jpeg
78	78_NGS_Photomicrolog_No_188_Texas_1_Marsh.jpg	Northwest Geological Service	188	The Texas Company	#1 Marsh	Montana	Sheridan		The Texas Company	E/2 SE NW	14	34N	54E	2592	11022	16-Mar-58	18-May-58	Photo Enlargement X 10.	"Mississippian - Charles, Mission Canyon, Lodgepole"	Nov-62	48.70265	-104.61728	NRIS	NAD83	image/jpeg
79	79_NGS_Photomicrolog_No_190_Signal_No_1_Rasmussen.jpg	Northwest Geological Service	190	Signal Drilling & Exploration Co.	#1 Rasmussen	Montana	Sheridan		Signal Drilling & Exploration Co.	SW SW	35	35N	56E	2296	7339	31-Jul-62	17-Aug-62	Photo Enlargement X 10.	"Mississippian - Charles, Mission Canyon"	Dec-62	48.73912	-104.35964	NRIS	NAD83	image/jpeg
80	80_NGS_Photomicrolog_No_192_Signal_No_1_Thuesen.jpg	Northwest Geological Service	192	Signal Drilling & Exploration Co.	#1 Thuesen	Montana	Sheridan		Signal Drilling & Exploration Co.	NW NE	14	34N	57E	2157	7340	20-Aug-62	6-Sep-62	Photo Enlargement X 10.	"Mississippian - Charles, Mission Canyon"	Dec-62	48.70692	-104.21851	NRIS	NAD83	image/jpeg
81	81_NGS_Photomicrolog_No_193_Signal_No_1_Johnson.jpg	Northwest Geological Service	193	Signal Drilling & Exploration Co.	#1 Johnson	Montana	Sheridan	Dagmar	Signal Drilling & Exploration Co.	SW SE	8	33N	57E	2165	9089	30-Sep-62	11-Nov-62	Photo Enlargement X 10.	"Mississippian - Charles, Mission Canyon, Lodgepole"	Jan-63	48.62203	-104.28297	NRIS	NAD83	image/jpeg
82	82_NGS_Photomicrolog_No_193_Sun_No_1_Hellegaard.jpg	Northwest Geological Service	196	Sun Oil Company	#1 Hellegaard	Montana	Sheridan		Sun Oil Company	SE NE	8	37N	57E	2282	10439	11-Sep-62	31-Dec-62	Photo Enlargement X 10.	"Mississippian - Charles, Mission Canyon, Lodgepole"	Feb-63	48.97718	-104.22503	NRIS	NAD83	image/jpeg
83	83_NGS_Photomicrolog_No_199_Amerada_No_1_Emilson.jpg	Northwest Geological Service	199	Amerada Petroleum Corp.	#1 Emilson	Montana	Sheridan	Outlook	Amerada Petroleum Corp.	C NE SE	12	36N	53E	2356	10250	5-Sep-57	27-Oct-57	Photo Enlargement X 10.	"Mississippian - Charles, Mission Canyon, Lodgepole"	Mar-63	48.88736	-104.71307	NRIS	NAD83	image/jpeg
84	84_NGS_Photomicrolog_No_202_Signal_No_1_Petersen.jpg	Northwest Geological Service	202	Signal Drilling & Exploration - Caltana	#1 Petersen	Montana	Sheridan		Signal Drilling & Exploration - Caltana	NE SE	19	35N	58E	2226	7202	7-May-62	11-Jun-62	Photo Enlargement X 10.  Ipp-42 Bo & 220 Bwpd From 7084-7086	"Mississippian - Charles, Mission Canyon"	Apr-63	48.77133	-104.16812	NRIS	NAD83	image/jpeg
85	85_NGS_Photomicrolog_No_206_Deep_Rock_No_1_Picard.jpg	Northwest Geological Service	206	Deep Rock Oil Corp.	#1 Picard	Montana	Roosevelt		Deep Rock Oil Corp.	C NW NE	6	29N	58W	2229	9388	19-Aug-52	24-Feb-62	Photo Enlargement X 10.	"Mississippian - Charles, Mission Canyon"	May-63	48.3006	-104.22469	NRIS	NAD83	image/jpeg
86	86_NGS_Photomicrolog_No_209_Signal_No_1_Nelson.jpg	Northwest Geological Service	209	Signal Drilling & Exploration Co.	#1 Nelson	Montana	Sheridan		Signal Drilling & Exploration Co.	C SW NW	14	35N	57E	2308	7207	13-Mar-63	26-Mar-63	Photo Enlargement X 10.	"Mississippian - Charles, Mission Canyon"	Jun-63	48.79143	-104.22669	NRIS	NAD83	image/jpeg
87	87_NGS_Photomicrolog_No_213_Hamilton_No_1_Nelson.jpg	Northwest Geological Service	213	Hamilton	#1 Nelson	Montana	Sheridan		Hamilton	C SW SE	17	31N	56E	2076	8347	9-Dec-61	9-Jan-62	Photo Enlargement X 10.	"Mississippian - Charles, Mission Canyon"	Jul-63	48.43534	-104.4628	NRIS	NAD83	image/jpeg
88	88_NGS_Photomicrolog_No_214_Phillips_No_1_Mccauley.jpg	Northwest Geological Service	214	Phillips Petroleum Corp.	#1 Mccauley	Montana	Roosevelt		Phillips Petroleum Corp.	NW NW	35	30N	57E	2076	8754	9-Feb-63		"Photo Enlargement X 10.  Ipp-70 Bo, 100 Bw In 22 Hrs. From Ratcliffe."	"Mississippian - Charles, Mission Canyon"	Jul-63	48.31527	-104.27868	NRIS	NAD83	image/jpeg
89	89_NGS_Photomicrolog_No_217_Sun_No_1_Strake_Govt.jpg	Northwest Geological Service	217	Sun Oil Co.	#1 Strake - Gov'T	Montana	Sheridan		Sun Oil Co.	NW NE	7	37N	55E	2423	7962	19-Mar-63	17-Apr-63	Photo Enlargement X 10.	"Mississippian - Charles, Mission Canyon, Lodgepole"	Aug-63	48.98179	-104.51639	NRIS	NAD83	image/jpeg
90	90_NGS_Photomicrolog_No_218_Juniper_No_1_Masters.jpg	Northwest Geological Service	218	Juniper Oil & Mining Co.	#1 Masters	Montana	Roosevelt		Juniper Oil & Mining Co.	C SW NW	19	31N	54E	2210	10969	5-Oct-59	29-Jul-59	Photo Enlargement X 10.	"Mississippian - Charles, Mission Canyon, Lodgepole"	Aug-63	48.42753	-104.75441	NRIS	NAD83	image/jpeg
91	91_NGS_Photomicrolog_No_221_Dg_Hamilton_No_1_Marlow.jpg	Northwest Geological Service	221	D.G. Hamilton	#1 Marlow	Montana	Roosevelt		D.G. Hamilton	C SE SW	1	30N	56E	2097	8251	18-Feb-62	18-Mar-62	Photo Enlargement X 10.	"Mississippian - Charles, Mission Canyon"	Sep-63	48.38314	-108.29489	NRIS	NAD83	image/jpeg
92	92_NGS_Photomicrolog_No_224_Superior_No_44_27_Ostby.jpg	Northwest Geological Service	224	Superior Oil Co.	#44-27 Ostby	Montana	Sheridan		Superior Oil Co.	SE SE	1	31N	58E	2344	12534	23-May-63	9-Sep-63	Photo Enlargement X 10.	"Mississippian - Charles, Mission Canyon, Lodgepole"	Sep-63	48.40537	-104.15407	NRIS	NAD83	image/jpeg
94	94_NGS_Photomicrolog_No_236_Cardinal_Heringer_Gay_No_1_Goetzinger_Chandler.jpg	Northwest Geological Service	236	Cardinal - Heringer - Gay	#1 Goetzinger - Chandler	Montana	Sheridan		Cardinal - Heringer - Gay	C NW NE	22	36N	56E	2505	7100	9-Aug-63	26-Aug-63	Photo Enlargement X 10.	"Mississippian - Charles, Mission Canyon"	Jan-64	48.86587	-104.3704	NRIS	NAD83	image/jpeg
95	95_NGS_Photomicrolog_No_237_Signal_Lagerquist_No_1.jpg	Northwest Geological Service	237	Signal Drilling & Exploration Co.	Lagerquist #1	Montana	Sheridan		Signal Drilling & Exploration Co.	SE SW	9	35N	58E	2122	8542	20-Apr-63	3-Jun-63	"Photo Enlargement X 10.  I.P.F. 220 Bo+147 Bwpd On 14/64"" Choke From 6596-6961."	"Mississippian - Charles, Mission Canyon, Lodgepole"	Jan-64	48.79504	-104.13577	NRIS	NAD83	image/jpeg
96	96_NGS_Photomicrolog_No_240_Signal_No_1_Lee.jpg	Northwest Geological Service	240	Signal Drilling & Exploration Co. Et Al	#1 Lee	Montana	Sheridan		Signal Drilling & Exploration Co. Et Al	SW NE	21	26N	57E	2453	7090	6-Aug-63	21-Aug-63	Photo Enlargement X 10.	"Mississippian - Charles, Mission Canyon"	Feb-64	48.86172	-104.26225	NRIS	NAD83	image/jpeg
97	97_NGS_Photomicrolog_No_41_Amerada_Tange_No_1.jpg	Northwest Geological Service	241	Amerada Petroleum Corp.	Tange #1	Montana	Sheridan		Amerada Petroleum Corp.	C NE SE	20	36N	53E	2335	9951	14-Sep-56	22-Dec-56	Completed In Interlake.  Photo Enlargement X 10.	"Mississippian - Charles, Mission Canyon, Lodgepole"	Apr-59	48.8583	-104.80113	NRIS	NAD83	image/jpeg
98	98_NGS_Photomicrolog_No_243_Signal_No_1_P_Anderson.jpg	Northwest Geological Service	243	Signal Drilling & Exploration Co. Et Al	#1 P. Anderson	Montana	Sheridan		Signal Drilling & Exploration Co. Et Al	C SW SE	26	25N	58E	2060.9	11180	9-Jun-63	9-Aug-63	Photo Enlargement X 10.	"Mississippian - Charles, Mission Canyon, Lodgepole"	Feb-63	48.75281	-104.08589	NRIS	NAD83	image/jpeg
99	99_NGS_Photomicrolog_No_245_Cardinal_No_1_Hagen_Olson.jpg	Northwest Geological Service	245	Cardinal Petroleum Co.	#1 Hagen-Olson	Montana	Sheridan		Cardinal Petroleum Co.	SE SE	23	27N	57E	2235	6600	20-Aug-63	15-Sep-63	Photo Enlargement X 10.	Mississippian - Charles	Mar-64	48.94905	-104.15799	NRIS	NAD83	image/jpeg
100	100_NGS_Photomicrolog_No_246_Cardinal_Ferguson_No_1.jpg	Northwest Geological Service	246	Cardinal Petroleum Co. Et Al	Ferguson #1	Montana	Sheridan		Cardinal Petroleum Co. Et Al	C NW NW	28	37N	58E	2132	6588	23-Sep-63	8-Oct-63	Photo Enlargement X 10.	Mississippian - Charles	Mar-64	48.93711	-104.08873	NRIS	NAD83	image/jpeg
101	101_NGS_Photomicrolog_No_252_Great_Northern_Haugen_No_1.jpg	Northwest Geological Service	252	Great Northern Drilling Co. Et Al	Haugen #1	Montana	Sheridan		Great Northern Drilling Co. Et Al	SE SE	1	37N	59E	2182	6573	21-Nov-62	5-Dec-62	Photo Enlargement X 10.	Mississippian - Charles	Apr-64	48.9847	-104.26985	NRIS	NAD83	image/jpeg
102	102_NGS_Photomicrolog_No_257_Signal_Euland_&_Sons_No_1.jpg	Northwest Geological Service	257	Signal Drilling Et Al	Euland & Sons #1	Montana	Sheridan		Signal Drilling Et Al	SE NE	19	34N	56E	2074	9085	2-Aug-62	7-Sep-62	Photo Enlargement X 10.	"Mississippian - Charles, Mission Canyon, Lodgepole"	May-64	48.68762	-104.43113	NRIS	NAD83	image/jpeg
103	103_NGS_Photomicrolog_No_260_Phillips_No_1_Picard.jpg	Northwest Geological Service	260	Phillips Petroleum Co.	#1 Picard	Montana	Roosevelt		Phillips Petroleum Co.	SW NW	27	30N	58E	2293	9150	17-Jan-60	20-Feb-64	Photo Enlargement X 10.	"Mississippian - Charles, Mission Canyon"	Jun-64	48.32558	-104.17045	NRIS	NAD83	image/jpeg
104	104_NGS_Photomicrolog_No_267_Cardinal_Joyes_No_1.jpg	Northwest Geological Service	267	Cardinal Petroleum Corp.	Joyes #1	Montana	Sheridan		Cardinal Petroleum Corp.	SE SE	17	37N	57E	2164	6545	22-Apr-64	6-May-64	Photo Enlargement X 10.	Mississippian - Charles	Aug-64	48.95539	-104.22919	NRIS	NAD83	image/jpeg
105	105_NGS_Photomicrolog_No_269_California_Arne_Haugen_Tr_2_No_1.jpg	Northwest Geological Service	269	California Oil Co.	Arne Haugen Tr. 2 #1	Montana	Sheridan	Flatlake	California Oil Co.	SW NW	18	37N	28E	2215	6607	14-May-64	22-Jun-64	Photo Enlargement X 10.	"Mississippian - Charles, Mission Canyon"	Aug-64	48.96303	-104.13195	NRIS	NAD83	image/jpeg
106	106_NGS_Photomicrolog_No_270_Signal_Hoveland_No_1.jpg	Northwest Geological Service	270	Signal Drilling & Exploration Co.	Hoveland No. 1	Montana	Sheridan		Signal Drilling & Exploration Co.	SE NE	28	25N	57E	2389	7333	12-May-64	25-May-64	Photo Enlargement X 10.	Mississippian - Charles	Sep-64	48.75893	-104.35624	NRIS	NAD83	image/jpeg
107	107_NGS_Photomicrolog_No_274_Mcalester_Fuel_B_2_Vaira_Np.jpg	Northwest Geological Service	274	Mcalester Fuel Co.	B-2 Vaira Np	Montana	Richland	Spring Lake	Mcalester Fuel Co.	C NE NW	35	25N	54E	2326	12166	11-Jan-63	24-Jun-63	Completed From Red River.	"Mississippian - Charles, Mission Canyon, Lodgepole"	Oct-64	47.88139	-104.71157	NRIS	NAD83	image/jpeg
108	108_NGS_Photomicrolog_No_275_Pan_American_No_1_Jennie_Blair.jpg	Northwest Geological Service	275	Pan American Petroleum Corp.	#1 Jennie Blair	Montana	Sheridan		Pan American Petroleum Corp.	NW NW	17	36N	55E	2303	2770	13-May-64	18-May-64	Photo Enlargement X 10.	"Mississippian - Charles, Mission Canyon"	Oct-64	48.88	-104.55638	NRIS	NAD83	image/jpeg
109	109_NGS_Photomicrolog_No_277_Signal_Southern_No_1_Gaenslen.jpg	Northwest Geological Service	277	Signal Drilling & Explor. - Southern Union	#1 Gaenslen	Montana	Sheridan		Signal Drilling & Explor. - Southern Union	C-LOT 9 - NE SW	13	35N	58E	2065	7120	6-Mar-64	22-Mar-64	Photo Enlargement X 10.	"Mississippian - Charles, Mission Canyon"	Oct-64	48.7855	-104.0681	NRIS	NAD83	image/jpeg
